id,screen,element,label,file_line,expected_function,actual_path,effect,category,status,fix,proof_test
BTN-0001,report_pdf_export,TextButton,—,lib/ui/services/report_pdf_export.dart:42,TextButton,TextButton,حالة واجهة فقط,C,يعمل,,
BTN-0002,report_pdf_export,—,—,lib/ui/services/report_pdf_export.dart:43,onPressed,onPressed,مشبوه: Snackbar/حافظة,D,يعمل,,
BTN-0003,report_pdf_export,—,—,lib/ui/services/report_pdf_export.dart:50,onPressed,onPressed,تنقّل/فتح واجهة,A,يعمل,,
BTN-0004,account_auth,—,—,lib/ui/screens/account_auth_screen.dart:262,onTap,onTap,خدمة/مستودع (DB أو ملف أو Android),B,يعمل,,
BTN-0005,account_auth,—,—,lib/ui/screens/account_auth_screen.dart:270,onTap,onTap,خدمة/مستودع (DB أو ملف أو Android),B,يعمل,,
BTN-0006,account_auth,InkWell,—,lib/ui/screens/account_auth_screen.dart:294,InkWell,InkWell,حالة واجهة فقط,C,يعمل,,
BTN-0007,account_auth,—,—,lib/ui/screens/account_auth_screen.dart:295,onTap,onTap,خدمة/مستودع (DB أو ملف أو Android),B,يعمل,,
BTN-0008,account_auth,TextFormField,—,lib/ui/screens/account_auth_screen.dart:357,TextFormField,TextFormField,حالة واجهة فقط,C,يعمل,,
BTN-0009,account_auth,TextFormField,—,lib/ui/screens/account_auth_screen.dart:376,TextFormField,TextFormField,حالة واجهة فقط,C,يعمل,,
BTN-0010,account_auth,TextFormField,—,lib/ui/screens/account_auth_screen.dart:402,TextFormField,TextFormField,حالة واجهة فقط,C,يعمل,,
BTN-0011,account_auth,IconButton,—,lib/ui/screens/account_auth_screen.dart:413,IconButton,IconButton,حالة واجهة فقط,C,يعمل,,
BTN-0012,account_auth,—,—,lib/ui/screens/account_auth_screen.dart:415,onPressed,onPressed,حالة واجهة فقط,C,يعمل,,
BTN-0013,account_auth,TextFormField,—,lib/ui/screens/account_auth_screen.dart:435,TextFormField,TextFormField,حالة واجهة فقط,C,يعمل,,
BTN-0014,account_auth,FilledButton,—,lib/ui/screens/account_auth_screen.dart:459,FilledButton,FilledButton,حالة واجهة فقط,C,يعمل,,
BTN-0015,account_auth,—,—,lib/ui/screens/account_auth_screen.dart:460,onPressed,onPressed,حالة واجهة فقط,C,يعمل,,
BTN-0016,account_auth,TextButton,—,lib/ui/screens/account_auth_screen.dart:474,TextButton,TextButton,حالة واجهة فقط,C,يعمل,,
BTN-0017,account_auth,—,—,lib/ui/screens/account_auth_screen.dart:475,onPressed,onPressed,خدمة/مستودع (DB أو ملف أو Android),B,يعمل,,
BTN-0018,account_auth,—,—,lib/ui/screens/account_auth_screen.dart:487,onPressed,onPressed,خدمة/مستودع (DB أو ملف أو Android),B,يعمل,,
BTN-0019,account_blocked,TextButton,—,lib/ui/screens/account_blocked_screen.dart:41,TextButton,TextButton,حالة واجهة فقط,C,يعمل,,
BTN-0020,account_blocked,—,—,lib/ui/screens/account_blocked_screen.dart:42,onPressed,onPressed,تنقّل/فتح واجهة,A,يعمل,,
BTN-0021,account_blocked,FilledButton,—,lib/ui/screens/account_blocked_screen.dart:45,FilledButton,FilledButton,حالة واجهة فقط,C,يعمل,,
BTN-0022,account_blocked,—,—,lib/ui/screens/account_blocked_screen.dart:46,onPressed,onPressed,تنقّل/فتح واجهة,A,يعمل,,
BTN-0023,account_blocked,—,—,lib/ui/screens/account_blocked_screen.dart:163,onPressed,onPressed,حالة واجهة فقط,C,يعمل,,
BTN-0024,account_blocked,—,—,lib/ui/screens/account_blocked_screen.dart:179,onPressed,onPressed,خدمة/مستودع (DB أو ملف أو Android),B,يعمل,,
BTN-0025,account_blocked,OutlinedButton,—,lib/ui/screens/account_blocked_screen.dart:187,OutlinedButton,OutlinedButton,حالة واجهة فقط,C,يعمل,,
BTN-0026,account_blocked,—,—,lib/ui/screens/account_blocked_screen.dart:188,onPressed,onPressed,حالة واجهة فقط,C,يعمل,,
BTN-0027,account_notifications,—,—,lib/ui/screens/account_notifications_screen.dart:58,onRefresh,onRefresh,خدمة/مستودع (DB أو ملف أو Android),B,يعمل,,
BTN-0028,account_notifications,TextButton,—,lib/ui/screens/account_notifications_screen.dart:100,TextButton,TextButton,حالة واجهة فقط,C,يعمل,,
BTN-0029,account_notifications,—,—,lib/ui/screens/account_notifications_screen.dart:101,onPressed,onPressed,حالة واجهة فقط,C,يعمل,,
BTN-0030,account_notifications,—,—,lib/ui/screens/account_notifications_screen.dart:120,onTap,onTap,حالة واجهة فقط,C,يعمل,,
BTN-0031,activation,TextField,—,lib/ui/screens/activation_screen.dart:74,TextField,TextField,حالة واجهة فقط,C,يعمل,,
BTN-0032,activation,FilledButton,—,lib/ui/screens/activation_screen.dart:81,FilledButton,FilledButton,حالة واجهة فقط,C,يعمل,,
BTN-0033,activation,—,—,lib/ui/screens/activation_screen.dart:82,onPressed,onPressed,حالة واجهة فقط,C,يعمل,,
BTN-0034,broadcast,TextField,—,lib/ui/screens/broadcast_screen.dart:151,TextField,TextField,حالة واجهة فقط,C,يعمل,,
BTN-0035,broadcast,FilledButton,—,lib/ui/screens/broadcast_screen.dart:158,FilledButton,FilledButton,حالة واجهة فقط,C,يعمل,,
BTN-0036,broadcast,—,—,lib/ui/screens/broadcast_screen.dart:159,onPressed,onPressed,حالة واجهة فقط,C,يعمل,,
BTN-0037,broadcast,TextField,—,lib/ui/screens/broadcast_screen.dart:192,TextField,TextField,حالة واجهة فقط,C,يعمل,,
BTN-0038,broadcast,—,—,lib/ui/screens/broadcast_screen.dart:200,onPressed,onPressed,حالة واجهة فقط,C,يعمل,,
BTN-0039,broadcast,—,—,lib/ui/screens/broadcast_sheet.dart:215,onChanged,onChanged,حالة واجهة فقط,C,يعمل,,
BTN-0040,broadcast,TextField,—,lib/ui/screens/broadcast_sheet.dart:231,TextField,TextField,حالة واجهة فقط,C,يعمل,,
BTN-0041,broadcast,—,—,lib/ui/screens/broadcast_sheet.dart:236,onChanged,onChanged,خدمة/مستودع (DB أو ملف أو Android),B,يعمل,,
BTN-0042,broadcast,TextButton,—,lib/ui/screens/broadcast_sheet.dart:334,TextButton,TextButton,حالة واجهة فقط,C,يعمل,,
BTN-0043,broadcast,—,—,lib/ui/screens/broadcast_sheet.dart:335,onPressed,onPressed,حالة واجهة فقط,C,يعمل,,
BTN-0044,broadcast,TextField,—,lib/ui/screens/broadcast_sheet.dart:351,TextField,TextField,حالة واجهة فقط,C,يعمل,,
BTN-0045,broadcast,—,—,lib/ui/screens/broadcast_sheet.dart:353,onChanged,onChanged,حالة واجهة فقط,C,يعمل,,
BTN-0046,broadcast,CheckboxListTile,—,lib/ui/screens/broadcast_sheet.dart:384,CheckboxListTile,CheckboxListTile,حالة واجهة فقط,C,يعمل,,
BTN-0047,broadcast,—,—,lib/ui/screens/broadcast_sheet.dart:397,onChanged,onChanged,حالة واجهة فقط,C,يعمل,,
BTN-0048,broadcast,OutlinedButton,—,lib/ui/screens/broadcast_sheet.dart:517,OutlinedButton,OutlinedButton,حالة واجهة فقط,C,يعمل,,
BTN-0049,broadcast,—,—,lib/ui/screens/broadcast_sheet.dart:518,onPressed,onPressed,تنقّل/فتح واجهة,A,يعمل,,
BTN-0050,broadcast,—,—,lib/ui/screens/broadcast_sheet.dart:529,onPressed,onPressed,حالة واجهة فقط,C,يعمل,,
BTN-0051,broadcast,—,—,lib/ui/screens/broadcast_sheet.dart:617,onSelected,onSelected,خدمة/مستودع (DB أو ملف أو Android),B,يعمل,,
BTN-0052,customer_detail,TextField,—,lib/ui/screens/customer_detail_screen.dart:170,TextField,TextField,حالة واجهة فقط,C,يعمل,,
BTN-0053,customer_detail,—,—,lib/ui/screens/customer_detail_screen.dart:174,onChanged,onChanged,خدمة/مستودع (DB أو ملف أو Android),B,يعمل,,
BTN-0054,customer_detail,TextButton,—,lib/ui/screens/customer_detail_screen.dart:197,TextButton,TextButton,حالة واجهة فقط,C,يعمل,,
BTN-0055,customer_detail,—,—,lib/ui/screens/customer_detail_screen.dart:198,onPressed,onPressed,تنقّل/فتح واجهة,A,يعمل,,
BTN-0056,customer_detail,FilledButton,—,lib/ui/screens/customer_detail_screen.dart:201,FilledButton,FilledButton,حالة واجهة فقط,C,يعمل,,
BTN-0057,customer_detail,—,—,lib/ui/screens/customer_detail_screen.dart:202,onPressed,onPressed,تنقّل/فتح واجهة,A,يعمل,,
BTN-0058,customer_detail,TextField,—,lib/ui/screens/customer_detail_screen.dart:478,TextField,TextField,حالة واجهة فقط,C,يعمل,,
BTN-0059,customer_detail,TextField,—,lib/ui/screens/customer_detail_screen.dart:491,TextField,TextField,حالة واجهة فقط,C,يعمل,,
BTN-0060,customer_detail,FilledButton,—,lib/ui/screens/customer_detail_screen.dart:501,FilledButton,FilledButton,حالة واجهة فقط,C,يعمل,,
BTN-0061,customer_detail,—,—,lib/ui/screens/customer_detail_screen.dart:502,onPressed,onPressed,تنقّل/فتح واجهة,A,يعمل,,
BTN-0062,customer_detail,IconButton,—,lib/ui/screens/customer_detail_screen.dart:584,IconButton,IconButton,حالة واجهة فقط,C,يعمل,,
BTN-0063,customer_detail,—,—,lib/ui/screens/customer_detail_screen.dart:586,onPressed,onPressed,حالة واجهة فقط,C,يعمل,,
BTN-0064,customer_detail,IconButton,—,lib/ui/screens/customer_detail_screen.dart:590,IconButton,IconButton,حالة واجهة فقط,C,يعمل,,
BTN-0065,customer_detail,—,—,lib/ui/screens/customer_detail_screen.dart:592,onPressed,onPressed,تنقّل/فتح واجهة,A,يعمل,,
BTN-0066,customer_detail,IconButton,—,lib/ui/screens/customer_detail_screen.dart:606,IconButton,IconButton,حالة واجهة فقط,C,يعمل,,
BTN-0067,customer_detail,—,—,lib/ui/screens/customer_detail_screen.dart:608,onPressed,onPressed,خدمة/مستودع (DB أو ملف أو Android),B,يعمل,,
BTN-0068,customer_detail,IconButton,—,lib/ui/screens/customer_detail_screen.dart:612,IconButton,IconButton,حالة واجهة فقط,C,يعمل,,
BTN-0069,customer_detail,—,—,lib/ui/screens/customer_detail_screen.dart:614,onPressed,onPressed,خدمة/مستودع (DB أو ملف أو Android),B,يعمل,,
BTN-0070,customer_detail,IconButton,—,lib/ui/screens/customer_detail_screen.dart:618,IconButton,IconButton,حالة واجهة فقط,C,يعمل,,
BTN-0071,customer_detail,—,—,lib/ui/screens/customer_detail_screen.dart:620,onPressed,onPressed,تنقّل/فتح واجهة,A,يعمل,,
BTN-0072,customer_detail,—,—,lib/ui/screens/customer_detail_screen.dart:646,onRefresh,onRefresh,خدمة/مستودع (DB أو ملف أو Android),B,يعمل,,
BTN-0073,customer_detail,—,—,lib/ui/screens/customer_detail_screen.dart:658,onPressed,onPressed,خدمة/مستودع (DB أو ملف أو Android),B,يعمل,,
BTN-0074,customer_detail,—,—,lib/ui/screens/customer_detail_screen.dart:670,onPressed,onPressed,خدمة/مستودع (DB أو ملف أو Android),B,يعمل,,
BTN-0075,customer_detail,—,—,lib/ui/screens/customer_detail_screen.dart:798,onPressed,onPressed,خدمة/مستودع (DB أو ملف أو Android),B,يعمل,,
BTN-0076,customer_detail,ListTile,—,lib/ui/screens/customer_detail_screen.dart:877,ListTile,ListTile,حالة واجهة فقط,C,يعمل,,
BTN-0077,customer_detail,—,—,lib/ui/screens/customer_detail_screen.dart:887,onTap,onTap,خدمة/مستودع (DB أو ملف أو Android),B,يعمل,,
BTN-0078,customer_detail,TextField,—,lib/ui/screens/customer_detail_screen.dart:907,TextField,TextField,حالة واجهة فقط,C,يعمل,,
BTN-0079,customer_detail,TextButton,—,lib/ui/screens/customer_detail_screen.dart:917,TextButton,TextButton,حالة واجهة فقط,C,يعمل,,
BTN-0080,customer_detail,—,—,lib/ui/screens/customer_detail_screen.dart:918,onPressed,onPressed,تنقّل/فتح واجهة,A,يعمل,,
BTN-0081,customer_detail,FilledButton,—,lib/ui/screens/customer_detail_screen.dart:921,FilledButton,FilledButton,حالة واجهة فقط,C,يعمل,,
BTN-0082,customer_detail,—,—,lib/ui/screens/customer_detail_screen.dart:922,onPressed,onPressed,تنقّل/فتح واجهة,A,يعمل,,
BTN-0083,customer_detail,SwitchListTile,—,lib/ui/screens/customer_detail_screen.dart:1002,SwitchListTile,SwitchListTile,حالة واجهة فقط,C,يعمل,,
BTN-0084,customer_detail,—,—,lib/ui/screens/customer_detail_screen.dart:1007,onChanged,onChanged,خدمة/مستودع (DB أو ملف أو Android),B,يعمل,,
BTN-0085,customer_detail,TextButton,إضافة,lib/ui/screens/customer_detail_screen.dart:1013,إضافة,onPressed,خدمة/مستودع (DB أو ملف أو Android),B,يعمل,,
BTN-0086,customer_detail,ListTile,—,lib/ui/screens/customer_detail_screen.dart:1020,ListTile,ListTile,حالة واجهة فقط,C,يعمل,,
BTN-0087,customer_detail,IconButton,icon:Icons.delete_outline,lib/ui/screens/customer_detail_screen.dart:1023,icon:Icons.delete_outline,onPressed,خدمة/مستودع (DB أو ملف أو Android),B,يعمل,,
BTN-0088,customer_detail,TextField,—,lib/ui/screens/customer_detail_screen.dart:1076,TextField,TextField,حالة واجهة فقط,C,يعمل,,
BTN-0089,customer_detail,TextButton,إلغاء,lib/ui/screens/customer_detail_screen.dart:1082,إلغاء,onPressed,تنقّل/فتح واجهة,A,يعمل,,
BTN-0090,customer_detail,FilledButton,حفظ,lib/ui/screens/customer_detail_screen.dart:1083,حفظ,onPressed,تنقّل/فتح واجهة,A,يعمل,,
BTN-0091,customers,NetHeaderAction,—,lib/ui/screens/customers_screen.dart:332,NetHeaderAction,NetHeaderAction,حالة واجهة فقط,C,يعمل,,
BTN-0092,customers,—,—,lib/ui/screens/customers_screen.dart:335,onPressed,onPressed,تنقّل/فتح واجهة,A,يعمل,,
BTN-0093,customers,NetHeaderAction,—,lib/ui/screens/customers_screen.dart:337,NetHeaderAction,NetHeaderAction,حالة واجهة فقط,C,يعمل,,
BTN-0094,customers,—,—,lib/ui/screens/customers_screen.dart:340,onPressed,onPressed,خدمة/مستودع (DB أو ملف أو Android),B,يعمل,,
BTN-0095,customers,NetHeaderAction,—,lib/ui/screens/customers_screen.dart:342,NetHeaderAction,NetHeaderAction,حالة واجهة فقط,C,يعمل,,
BTN-0096,customers,—,—,lib/ui/screens/customers_screen.dart:345,onPressed,onPressed,خدمة/مستودع (DB أو ملف أو Android),B,يعمل,,
BTN-0097,customers,—,—,lib/ui/screens/customers_screen.dart:350,onSelected,onSelected,حالة واجهة فقط,C,يعمل,,
BTN-0098,customers,PopupMenuItem,—,lib/ui/screens/customers_screen.dart:352,PopupMenuItem,PopupMenuItem,حالة واجهة فقط,C,يعمل,,
BTN-0099,customers,PopupMenuItem,—,lib/ui/screens/customers_screen.dart:357,PopupMenuItem,PopupMenuItem,حالة واجهة فقط,C,يعمل,,
BTN-0100,customers,PopupMenuItem,—,lib/ui/screens/customers_screen.dart:362,PopupMenuItem,PopupMenuItem,حالة واجهة فقط,C,يعمل,,
BTN-0101,customers,PopupMenuItem,—,lib/ui/screens/customers_screen.dart:367,PopupMenuItem,PopupMenuItem,حالة واجهة فقط,C,يعمل,,
BTN-0102,customers,—,—,lib/ui/screens/customers_screen.dart:382,onTap,onTap,تنقّل/فتح واجهة,A,يعمل,,
BTN-0103,customers,TextField,—,lib/ui/screens/customers_screen.dart:461,TextField,TextField,حالة واجهة فقط,C,يعمل,,
BTN-0104,customers,—,—,lib/ui/screens/customers_screen.dart:464,onSubmitted,onSubmitted,خدمة/مستودع (DB أو ملف أو Android),B,يعمل,,
BTN-0105,customers,—,—,lib/ui/screens/customers_screen.dart:467,onChanged,onChanged,حالة واجهة فقط,C,يعمل,,
BTN-0106,customers,IconButton,—,lib/ui/screens/customers_screen.dart:481,IconButton,IconButton,حالة واجهة فقط,C,يعمل,,
BTN-0107,customers,—,—,lib/ui/screens/customers_screen.dart:484,onPressed,onPressed,حالة واجهة فقط,C,يعمل,,
BTN-0108,customers,—,—,lib/ui/screens/customers_screen.dart:560,onRefresh,onRefresh,خدمة/مستودع (DB أو ملف أو Android),B,يعمل,,
BTN-0109,customers,TextButton,—,lib/ui/screens/customers_screen.dart:585,TextButton,TextButton,حالة واجهة فقط,C,يعمل,,
BTN-0110,customers,—,—,lib/ui/screens/customers_screen.dart:586,onPressed,onPressed,حالة واجهة فقط,C,يعمل,,
BTN-0111,customers,—,—,lib/ui/screens/customers_screen.dart:611,onTap,onTap,خدمة/مستودع (DB أو ملف أو Android),B,يعمل,,
BTN-0112,customers,—,—,lib/ui/screens/customers_screen.dart:612,onLongPress,onLongPress,خدمة/مستودع (DB أو ملف أو Android),B,يعمل,,
BTN-0113,customers,—,—,lib/ui/screens/customers_screen.dart:643,onSelected,onSelected,حالة واجهة فقط,C,يعمل,,
BTN-0114,customers,InkWell,—,lib/ui/screens/customers_screen.dart:769,InkWell,InkWell,حالة واجهة فقط,C,يعمل,,
BTN-0115,customers,—,—,lib/ui/screens/customers_screen.dart:770,onTap,onTap,خدمة/مستودع (DB أو ملف أو Android),B,يعمل,,
BTN-0116,customers,—,—,lib/ui/screens/customers_screen.dart:855,onTap,onTap,خدمة/مستودع (DB أو ملف أو Android),B,يعمل,,
BTN-0117,customers,—,—,lib/ui/screens/customers_screen.dart:913,onTap,onTap,حالة واجهة فقط,C,يعمل,,
BTN-0118,customers,—,—,lib/ui/screens/customers_screen.dart:922,onTap,onTap,حالة واجهة فقط,C,يعمل,,
BTN-0119,customers,ListTile,—,lib/ui/screens/customers_screen.dart:1039,ListTile,ListTile,حالة واجهة فقط,C,يعمل,,
BTN-0120,customers,—,—,lib/ui/screens/customers_screen.dart:1048,onTap,onTap,تنقّل/فتح واجهة,A,يعمل,,
BTN-0121,customers,ListTile,—,lib/ui/screens/customers_screen.dart:1054,ListTile,ListTile,حالة واجهة فقط,C,يعمل,,
BTN-0122,customers,—,—,lib/ui/screens/customers_screen.dart:1067,onTap,onTap,تنقّل/فتح واجهة,A,يعمل,,
BTN-0123,customers,ListTile,—,lib/ui/screens/customers_screen.dart:1072,ListTile,ListTile,حالة واجهة فقط,C,يعمل,,
BTN-0124,customers,—,—,lib/ui/screens/customers_screen.dart:1081,onTap,onTap,تنقّل/فتح واجهة,A,يعمل,,
BTN-0125,dashboard,—,—,lib/ui/screens/dashboard_screen.dart:442,onRefresh,onRefresh,خدمة/مستودع (DB أو ملف أو Android),B,يعمل,,
BTN-0126,dashboard,—,—,lib/ui/screens/dashboard_screen.dart:488,onTap,onTap,خدمة/مستودع (DB أو ملف أو Android),B,يعمل,,
BTN-0127,dashboard,—,—,lib/ui/screens/dashboard_screen.dart:497,onTap,onTap,خدمة/مستودع (DB أو ملف أو Android),B,يعمل,,
BTN-0128,dashboard,—,—,lib/ui/screens/dashboard_screen.dart:521,onTap,onTap,خدمة/مستودع (DB أو ملف أو Android),B,يعمل,,
BTN-0129,dashboard,—,—,lib/ui/screens/dashboard_screen.dart:527,onTap,onTap,خدمة/مستودع (DB أو ملف أو Android),B,يعمل,,
BTN-0130,dashboard,—,—,lib/ui/screens/dashboard_screen.dart:534,onTap,onTap,خدمة/مستودع (DB أو ملف أو Android),B,يعمل,,
BTN-0131,dashboard,—,—,lib/ui/screens/dashboard_screen.dart:540,onTap,onTap,خدمة/مستودع (DB أو ملف أو Android),B,يعمل,,
BTN-0132,dashboard,—,—,lib/ui/screens/dashboard_screen.dart:560,onTap,onTap,خدمة/مستودع (DB أو ملف أو Android),B,يعمل,,
BTN-0133,dashboard,—,—,lib/ui/screens/dashboard_screen.dart:570,onTap,onTap,خدمة/مستودع (DB أو ملف أو Android),B,يعمل,,
BTN-0134,dashboard,—,—,lib/ui/screens/dashboard_screen.dart:610,onTap,onTap,خدمة/مستودع (DB أو ملف أو Android),B,يعمل,,
BTN-0135,dashboard,—,—,lib/ui/screens/dashboard_screen.dart:683,onTap,onTap,خدمة/مستودع (DB أو ملف أو Android),B,يعمل,,
BTN-0136,dashboard,—,—,lib/ui/screens/dashboard_screen.dart:692,onTap,onTap,خدمة/مستودع (DB أو ملف أو Android),B,يعمل,,
BTN-0137,dashboard,InkWell,—,lib/ui/screens/dashboard_screen.dart:719,InkWell,InkWell,حالة واجهة فقط,C,يعمل,,
BTN-0138,dashboard,—,—,lib/ui/screens/dashboard_screen.dart:720,onTap,onTap,خدمة/مستودع (DB أو ملف أو Android),B,يعمل,,
BTN-0139,failed_messages,TextButton,—,lib/ui/screens/failed_messages_screen.dart:101,TextButton,TextButton,حالة واجهة فقط,C,يعمل,,
BTN-0140,failed_messages,—,—,lib/ui/screens/failed_messages_screen.dart:102,onPressed,onPressed,تنقّل/فتح واجهة,A,يعمل,,
BTN-0141,failed_messages,FilledButton,—,lib/ui/screens/failed_messages_screen.dart:105,FilledButton,FilledButton,حالة واجهة فقط,C,يعمل,,
BTN-0142,failed_messages,—,—,lib/ui/screens/failed_messages_screen.dart:106,onPressed,onPressed,تنقّل/فتح واجهة,A,يعمل,,
BTN-0143,failed_messages,—,—,lib/ui/screens/failed_messages_screen.dart:151,onPressed,onPressed,حالة واجهة فقط,C,يعمل,,
BTN-0144,failed_messages,—,—,lib/ui/screens/failed_messages_screen.dart:176,onRefresh,onRefresh,خدمة/مستودع (DB أو ملف أو Android),B,يعمل,,
BTN-0145,failed_messages,—,—,lib/ui/screens/failed_messages_screen.dart:257,onPressed,onPressed,خدمة/مستودع (DB أو ملف أو Android),B,يعمل,,
BTN-0146,help_center,IconButton,—,lib/ui/screens/help_center_screen.dart:347,IconButton,IconButton,حالة واجهة فقط,C,يعمل,,
BTN-0147,help_center,—,—,lib/ui/screens/help_center_screen.dart:349,onPressed,onPressed,تنقّل/فتح واجهة,A,يعمل,,
BTN-0148,help_center,—,—,lib/ui/screens/help_center_screen.dart:364,onPressed,onPressed,خدمة/مستودع (DB أو ملف أو Android),B,يعمل,,
BTN-0149,help_center,TextField,—,lib/ui/screens/help_center_screen.dart:382,TextField,TextField,حالة واجهة فقط,C,يعمل,,
BTN-0150,help_center,—,—,lib/ui/screens/help_center_screen.dart:384,onChanged,onChanged,حالة واجهة فقط,C,يعمل,,
BTN-0151,help_center,IconButton,—,lib/ui/screens/help_center_screen.dart:401,IconButton,IconButton,حالة واجهة فقط,C,يعمل,,
BTN-0152,help_center,—,—,lib/ui/screens/help_center_screen.dart:403,onPressed,onPressed,حالة واجهة فقط,C,يعمل,,
BTN-0153,help_center,—,—,lib/ui/screens/help_center_screen.dart:465,onSelected,onSelected,حالة واجهة فقط,C,يعمل,,
BTN-0154,help_center,—,—,lib/ui/screens/help_center_screen.dart:495,onSelected,onSelected,حالة واجهة فقط,C,يعمل,,
BTN-0155,help_center,InkWell,—,lib/ui/screens/help_center_screen.dart:619,InkWell,InkWell,حالة واجهة فقط,C,يعمل,,
BTN-0156,help_center,—,—,lib/ui/screens/help_center_screen.dart:621,onTap,onTap,حالة واجهة فقط,C,يعمل,,
BTN-0157,inventory_categories,—,—,lib/ui/screens/inventory_categories_sheet.dart:30,onChanged,onChanged,خدمة/مستودع (DB أو ملف أو Android),B,يعمل,,
BTN-0158,inventory_categories,—,—,lib/ui/screens/inventory_categories_sheet.dart:155,onPressed,onPressed,خدمة/مستودع (DB أو ملف أو Android),B,يعمل,,
BTN-0159,inventory_categories,InkWell,—,lib/ui/screens/inventory_categories_sheet.dart:179,InkWell,InkWell,حالة واجهة فقط,C,يعمل,,
BTN-0160,inventory_categories,—,—,lib/ui/screens/inventory_categories_sheet.dart:181,onTap,onTap,خدمة/مستودع (DB أو ملف أو Android),B,يعمل,,
BTN-0161,inventory_categories,—,—,lib/ui/screens/inventory_categories_sheet.dart:214,onSelected,onSelected,خدمة/مستودع (DB أو ملف أو Android),B,يعمل,,
BTN-0162,inventory_categories,PopupMenuItem,تعديل,lib/ui/screens/inventory_categories_sheet.dart:219,تعديل,PopupMenuItem,حالة واجهة فقط,C,يعمل,,
BTN-0163,inventory_categories,PopupMenuItem,—,lib/ui/screens/inventory_categories_sheet.dart:220,PopupMenuItem,PopupMenuItem,حالة واجهة فقط,C,يعمل,,
BTN-0164,inventory_categories,TextField,—,lib/ui/screens/inventory_categories_sheet.dart:293,TextField,TextField,حالة واجهة فقط,C,يعمل,,
BTN-0165,inventory_categories,TextField,—,lib/ui/screens/inventory_categories_sheet.dart:295,TextField,TextField,حالة واجهة فقط,C,يعمل,,
BTN-0166,inventory_categories,TextField,—,lib/ui/screens/inventory_categories_sheet.dart:303,TextField,TextField,حالة واجهة فقط,C,يعمل,,
BTN-0167,inventory_categories,SwitchListTile,—,lib/ui/screens/inventory_categories_sheet.dart:317,SwitchListTile,SwitchListTile,حالة واجهة فقط,C,يعمل,,
BTN-0168,inventory_categories,—,—,lib/ui/screens/inventory_categories_sheet.dart:321,onChanged,onChanged,خدمة/مستودع (DB أو ملف أو Android),B,يعمل,,
BTN-0169,inventory_categories,TextButton,إلغاء,lib/ui/screens/inventory_categories_sheet.dart:331,إلغاء,onPressed,تنقّل/فتح واجهة,A,يعمل,,
BTN-0170,inventory_categories,FilledButton,—,lib/ui/screens/inventory_categories_sheet.dart:332,FilledButton,FilledButton,حالة واجهة فقط,C,يعمل,,
BTN-0171,inventory_categories,—,—,lib/ui/screens/inventory_categories_sheet.dart:333,onPressed,onPressed,خدمة/مستودع (DB أو ملف أو Android),B,يعمل,,
BTN-0172,inventory_import_logs,TextButton,—,lib/ui/screens/inventory_import_logs_screen.dart:166,TextButton,TextButton,حالة واجهة فقط,C,مُصلَح,WP-5: إدارة ملفات الاستيراد (سجل من الجدول + تصدير فعلي),test/widget/inventory_import_logs_screen_test.dart
BTN-0173,inventory_import_logs,—,—,lib/ui/screens/inventory_import_logs_screen.dart:167,onPressed,onPressed,تنقّل/فتح واجهة,A,مُصلَح,WP-5: إدارة ملفات الاستيراد (سجل من الجدول + تصدير فعلي),test/widget/inventory_import_logs_screen_test.dart
BTN-0174,inventory_import_logs,FilledButton,—,lib/ui/screens/inventory_import_logs_screen.dart:170,FilledButton,FilledButton,حالة واجهة فقط,C,مُصلَح,WP-5: إدارة ملفات الاستيراد (سجل من الجدول + تصدير فعلي),test/widget/inventory_import_logs_screen_test.dart
BTN-0175,inventory_import_logs,—,—,lib/ui/screens/inventory_import_logs_screen.dart:171,onPressed,onPressed,تنقّل/فتح واجهة,A,مُصلَح,WP-5: إدارة ملفات الاستيراد (سجل من الجدول + تصدير فعلي),test/widget/inventory_import_logs_screen_test.dart
BTN-0176,inventory_import_logs,IconButton,—,lib/ui/screens/inventory_import_logs_screen.dart:223,IconButton,IconButton,حالة واجهة فقط,C,مُصلَح,WP-5: إدارة ملفات الاستيراد (سجل من الجدول + تصدير فعلي),test/widget/inventory_import_logs_screen_test.dart
BTN-0177,inventory_import_logs,—,—,lib/ui/screens/inventory_import_logs_screen.dart:225,onPressed,onPressed,تنقّل/فتح واجهة,A,مُصلَح,WP-5: إدارة ملفات الاستيراد (سجل من الجدول + تصدير فعلي),test/widget/inventory_import_logs_screen_test.dart
BTN-0178,inventory_import_logs,—,—,lib/ui/screens/inventory_import_logs_screen.dart:290,onPressed,onPressed,حالة واجهة فقط,C,مُصلَح,WP-5: إدارة ملفات الاستيراد (سجل من الجدول + تصدير فعلي),test/widget/inventory_import_logs_screen_test.dart
BTN-0179,inventory_import_logs,InkWell,—,lib/ui/screens/inventory_import_logs_screen.dart:317,InkWell,InkWell,حالة واجهة فقط,C,مُصلَح,WP-5: إدارة ملفات الاستيراد (سجل من الجدول + تصدير فعلي),test/widget/inventory_import_logs_screen_test.dart
BTN-0180,inventory_import_logs,—,—,lib/ui/screens/inventory_import_logs_screen.dart:318,onTap,onTap,خدمة/مستودع (DB أو ملف أو Android),B,مُصلَح,WP-5: إدارة ملفات الاستيراد (سجل من الجدول + تصدير فعلي),test/widget/inventory_import_logs_screen_test.dart
BTN-0181,inventory_import_logs,—,—,lib/ui/screens/inventory_import_logs_screen.dart:445,onPressed,onPressed,خدمة/مستودع (DB أو ملف أو Android),B,مُصلَح,WP-5: إدارة ملفات الاستيراد (سجل من الجدول + تصدير فعلي),test/widget/inventory_import_logs_screen_test.dart
BTN-0182,inventory_import_logs,—,—,lib/ui/screens/inventory_import_logs_screen.dart:454,onPressed,onPressed,خدمة/مستودع (DB أو ملف أو Android),B,مُصلَح,WP-5: إدارة ملفات الاستيراد (سجل من الجدول + تصدير فعلي),test/widget/inventory_import_logs_screen_test.dart
BTN-0183,inventory_import_logs,—,—,lib/ui/screens/inventory_import_logs_screen.dart:463,onPressed,onPressed,خدمة/مستودع (DB أو ملف أو Android),B,مُصلَح,WP-5: إدارة ملفات الاستيراد (سجل من الجدول + تصدير فعلي),test/widget/inventory_import_logs_screen_test.dart
BTN-0184,inventory_imports,—,—,lib/ui/screens/inventory_import_sheets.dart:266,onChanged,onChanged,خدمة/مستودع (DB أو ملف أو Android),B,يعمل,,
BTN-0185,inventory_imports,—,—,lib/ui/screens/inventory_import_sheets.dart:286,onTap,onTap,خدمة/مستودع (DB أو ملف أو Android),B,يعمل,,
BTN-0186,inventory_imports,InkWell,—,lib/ui/screens/inventory_import_sheets.dart:352,InkWell,InkWell,حالة واجهة فقط,C,يعمل,,
BTN-0187,inventory_imports,—,—,lib/ui/screens/inventory_import_sheets.dart:353,onTap,onTap,حالة واجهة فقط,C,يعمل,,
BTN-0188,inventory_imports,—,—,lib/ui/screens/inventory_import_sheets.dart:443,onPressed,onPressed,حالة واجهة فقط,C,يعمل,,
BTN-0189,inventory,—,—,lib/ui/screens/inventory_screen.dart:224,onChanged,onChanged,خدمة/مستودع (DB أو ملف أو Android),B,مُصلَح,WP-5: أزرار الاستيراد تفتح الورقة الصحيحة,test/widget/inventory_import_sheet_test.dart
BTN-0190,inventory,—,—,lib/ui/screens/inventory_screen.dart:233,onChanged,onChanged,خدمة/مستودع (DB أو ملف أو Android),B,مُصلَح,WP-5: أزرار الاستيراد تفتح الورقة الصحيحة,test/widget/inventory_import_sheet_test.dart
BTN-0191,inventory,ListTile,—,lib/ui/screens/inventory_screen.dart:357,ListTile,ListTile,حالة واجهة فقط,C,مُصلَح,WP-5: أزرار الاستيراد تفتح الورقة الصحيحة,test/widget/inventory_import_sheet_test.dart
BTN-0192,inventory,—,—,lib/ui/screens/inventory_screen.dart:361,onTap,onTap,تنقّل/فتح واجهة,A,مُصلَح,WP-5: أزرار الاستيراد تفتح الورقة الصحيحة,test/widget/inventory_import_sheet_test.dart
BTN-0193,inventory,ListTile,—,lib/ui/screens/inventory_screen.dart:366,ListTile,ListTile,حالة واجهة فقط,C,مُصلَح,WP-5: أزرار الاستيراد تفتح الورقة الصحيحة,test/widget/inventory_import_sheet_test.dart
BTN-0194,inventory,—,—,lib/ui/screens/inventory_screen.dart:370,onTap,onTap,تنقّل/فتح واجهة,A,مُصلَح,WP-5: أزرار الاستيراد تفتح الورقة الصحيحة,test/widget/inventory_import_sheet_test.dart
BTN-0195,inventory,ListTile,—,lib/ui/screens/inventory_screen.dart:375,ListTile,ListTile,حالة واجهة فقط,C,مُصلَح,WP-5: أزرار الاستيراد تفتح الورقة الصحيحة,test/widget/inventory_import_sheet_test.dart
BTN-0196,inventory,—,—,lib/ui/screens/inventory_screen.dart:378,onTap,onTap,تنقّل/فتح واجهة,A,مُصلَح,WP-5: أزرار الاستيراد تفتح الورقة الصحيحة,test/widget/inventory_import_sheet_test.dart
BTN-0197,inventory,NetHeaderAction,—,lib/ui/screens/inventory_screen.dart:410,NetHeaderAction,NetHeaderAction,حالة واجهة فقط,C,مُصلَح,WP-5: أزرار الاستيراد تفتح الورقة الصحيحة,test/widget/inventory_import_sheet_test.dart
BTN-0198,inventory,—,—,lib/ui/screens/inventory_screen.dart:414,onPressed,onPressed,حالة واجهة فقط,C,مُصلَح,WP-5: أزرار الاستيراد تفتح الورقة الصحيحة,test/widget/inventory_import_sheet_test.dart
BTN-0199,inventory,NetHeaderAction,—,lib/ui/screens/inventory_screen.dart:418,NetHeaderAction,NetHeaderAction,حالة واجهة فقط,C,مُصلَح,WP-5: أزرار الاستيراد تفتح الورقة الصحيحة,test/widget/inventory_import_sheet_test.dart
BTN-0200,inventory,—,—,lib/ui/screens/inventory_screen.dart:421,onPressed,onPressed,خدمة/مستودع (DB أو ملف أو Android),B,مُصلَح,WP-5: أزرار الاستيراد تفتح الورقة الصحيحة,test/widget/inventory_import_sheet_test.dart
BTN-0201,inventory,NetHeaderAction,—,lib/ui/screens/inventory_screen.dart:431,NetHeaderAction,NetHeaderAction,حالة واجهة فقط,C,مُصلَح,WP-5: أزرار الاستيراد تفتح الورقة الصحيحة,test/widget/inventory_import_sheet_test.dart
BTN-0202,inventory,—,—,lib/ui/screens/inventory_screen.dart:434,onPressed,onPressed,خدمة/مستودع (DB أو ملف أو Android),B,مُصلَح,WP-5: أزرار الاستيراد تفتح الورقة الصحيحة,test/widget/inventory_import_sheet_test.dart
BTN-0203,inventory,NetHeaderAction,—,lib/ui/screens/inventory_screen.dart:436,NetHeaderAction,NetHeaderAction,حالة واجهة فقط,C,مُصلَح,WP-5: أزرار الاستيراد تفتح الورقة الصحيحة,test/widget/inventory_import_sheet_test.dart
BTN-0204,inventory,—,—,lib/ui/screens/inventory_screen.dart:439,onPressed,onPressed,خدمة/مستودع (DB أو ملف أو Android),B,مُصلَح,WP-5: أزرار الاستيراد تفتح الورقة الصحيحة,test/widget/inventory_import_sheet_test.dart
BTN-0205,inventory,NetHeaderAction,—,lib/ui/screens/inventory_screen.dart:441,NetHeaderAction,NetHeaderAction,حالة واجهة فقط,C,مُصلَح,WP-5: أزرار الاستيراد تفتح الورقة الصحيحة,test/widget/inventory_import_sheet_test.dart
BTN-0206,inventory,—,—,lib/ui/screens/inventory_screen.dart:444,onPressed,onPressed,خدمة/مستودع (DB أو ملف أو Android),B,مُصلَح,WP-5: أزرار الاستيراد تفتح الورقة الصحيحة,test/widget/inventory_import_sheet_test.dart
BTN-0207,inventory,—,—,lib/ui/screens/inventory_screen.dart:456,onPressed,onPressed,خدمة/مستودع (DB أو ملف أو Android),B,مُصلَح,WP-5: أزرار الاستيراد تفتح الورقة الصحيحة,test/widget/inventory_import_sheet_test.dart
BTN-0208,inventory,—,—,lib/ui/screens/inventory_screen.dart:471,onPressed,onPressed,خدمة/مستودع (DB أو ملف أو Android),B,مُصلَح,WP-5: أزرار الاستيراد تفتح الورقة الصحيحة,test/widget/inventory_import_sheet_test.dart
BTN-0209,inventory,—,—,lib/ui/screens/inventory_screen.dart:489,onPressed,onPressed,خدمة/مستودع (DB أو ملف أو Android),B,مُصلَح,WP-5: أزرار الاستيراد تفتح الورقة الصحيحة,test/widget/inventory_import_sheet_test.dart
BTN-0210,inventory,—,—,lib/ui/screens/inventory_screen.dart:508,onPressed,onPressed,خدمة/مستودع (DB أو ملف أو Android),B,مُصلَح,WP-5: أزرار الاستيراد تفتح الورقة الصحيحة,test/widget/inventory_import_sheet_test.dart
BTN-0211,inventory,—,—,lib/ui/screens/inventory_screen.dart:523,onPressed,onPressed,حالة واجهة فقط,C,مُصلَح,WP-5: أزرار الاستيراد تفتح الورقة الصحيحة,test/widget/inventory_import_sheet_test.dart
BTN-0212,inventory,—,—,lib/ui/screens/inventory_screen.dart:601,onSelected,onSelected,حالة واجهة فقط,C,مُصلَح,WP-5: أزرار الاستيراد تفتح الورقة الصحيحة,test/widget/inventory_import_sheet_test.dart
BTN-0213,inventory,TextField,—,lib/ui/screens/inventory_screen.dart:621,TextField,TextField,حالة واجهة فقط,C,مُصلَح,WP-5: أزرار الاستيراد تفتح الورقة الصحيحة,test/widget/inventory_import_sheet_test.dart
BTN-0214,inventory,—,—,lib/ui/screens/inventory_screen.dart:623,onChanged,onChanged,حالة واجهة فقط,C,مُصلَح,WP-5: أزرار الاستيراد تفتح الورقة الصحيحة,test/widget/inventory_import_sheet_test.dart
BTN-0215,inventory,IconButton,—,lib/ui/screens/inventory_screen.dart:638,IconButton,IconButton,حالة واجهة فقط,C,مُصلَح,WP-5: أزرار الاستيراد تفتح الورقة الصحيحة,test/widget/inventory_import_sheet_test.dart
BTN-0216,inventory,—,—,lib/ui/screens/inventory_screen.dart:645,onPressed,onPressed,حالة واجهة فقط,C,مُصلَح,WP-5: أزرار الاستيراد تفتح الورقة الصحيحة,test/widget/inventory_import_sheet_test.dart
BTN-0217,inventory,—,—,lib/ui/screens/inventory_screen.dart:681,onRefresh,onRefresh,خدمة/مستودع (DB أو ملف أو Android),B,مُصلَح,WP-5: أزرار الاستيراد تفتح الورقة الصحيحة,test/widget/inventory_import_sheet_test.dart
BTN-0218,inventory,TextButton,—,lib/ui/screens/inventory_screen.dart:700,TextButton,TextButton,حالة واجهة فقط,C,مُصلَح,WP-5: أزرار الاستيراد تفتح الورقة الصحيحة,test/widget/inventory_import_sheet_test.dart
BTN-0219,inventory,—,—,lib/ui/screens/inventory_screen.dart:701,onPressed,onPressed,خدمة/مستودع (DB أو ملف أو Android),B,مُصلَح,WP-5: أزرار الاستيراد تفتح الورقة الصحيحة,test/widget/inventory_import_sheet_test.dart
BTN-0220,inventory,—,—,lib/ui/screens/inventory_screen.dart:714,onTap,onTap,خدمة/مستودع (DB أو ملف أو Android),B,مُصلَح,WP-5: أزرار الاستيراد تفتح الورقة الصحيحة,test/widget/inventory_import_sheet_test.dart
BTN-0221,inventory,—,—,lib/ui/screens/inventory_screen.dart:715,onLongPress,onLongPress,خدمة/مستودع (DB أو ملف أو Android),B,مُصلَح,WP-5: أزرار الاستيراد تفتح الورقة الصحيحة,test/widget/inventory_import_sheet_test.dart
BTN-0222,inventory,—,—,lib/ui/screens/inventory_screen.dart:820,onTap,onTap,خدمة/مستودع (DB أو ملف أو Android),B,مُصلَح,WP-5: أزرار الاستيراد تفتح الورقة الصحيحة,test/widget/inventory_import_sheet_test.dart
BTN-0223,inventory,—,—,lib/ui/screens/inventory_screen.dart:821,onLongPress,onLongPress,خدمة/مستودع (DB أو ملف أو Android),B,مُصلَح,WP-5: أزرار الاستيراد تفتح الورقة الصحيحة,test/widget/inventory_import_sheet_test.dart
BTN-0224,inventory,IconButton,—,lib/ui/screens/inventory_screen.dart:930,IconButton,IconButton,حالة واجهة فقط,C,مُصلَح,WP-5: أزرار الاستيراد تفتح الورقة الصحيحة,test/widget/inventory_import_sheet_test.dart
BTN-0225,inventory,—,—,lib/ui/screens/inventory_screen.dart:933,onPressed,onPressed,خدمة/مستودع (DB أو ملف أو Android),B,مُصلَح,WP-5: أزرار الاستيراد تفتح الورقة الصحيحة,test/widget/inventory_import_sheet_test.dart
BTN-0226,inventorys,OutlinedButton,—,lib/ui/screens/inventory_sheets.dart:155,OutlinedButton,OutlinedButton,حالة واجهة فقط,C,يعمل,,
BTN-0227,inventorys,—,—,lib/ui/screens/inventory_sheets.dart:156,onPressed,onPressed,تنقّل/فتح واجهة,A,يعمل,,
BTN-0228,inventorys,—,—,lib/ui/screens/inventory_sheets.dart:170,onPressed,onPressed,تنقّل/فتح واجهة,A,يعمل,,
BTN-0229,inventorys,—,—,lib/ui/screens/inventory_sheets.dart:539,onChanged,onChanged,حالة واجهة فقط,C,يعمل,,
BTN-0230,inventorys,TextField,—,lib/ui/screens/inventory_sheets.dart:573,TextField,TextField,حالة واجهة فقط,C,يعمل,,
BTN-0231,inventorys,TextField,—,lib/ui/screens/inventory_sheets.dart:576,TextField,TextField,حالة واجهة فقط,C,يعمل,,
BTN-0232,inventorys,TextField,—,lib/ui/screens/inventory_sheets.dart:579,TextField,TextField,حالة واجهة فقط,C,يعمل,,
BTN-0233,inventorys,—,—,lib/ui/screens/inventory_sheets.dart:583,onChanged,onChanged,حالة واجهة فقط,C,يعمل,,
BTN-0234,inventorys,—,—,lib/ui/screens/inventory_sheets.dart:614,onPressed,onPressed,خدمة/مستودع (DB أو ملف أو Android),B,يعمل,,
BTN-0235,inventorys,—,—,lib/ui/screens/inventory_sheets.dart:625,onPressed,onPressed,حالة واجهة فقط,C,يعمل,,
BTN-0236,inventorys,FilledButton,—,lib/ui/screens/inventory_sheets.dart:643,FilledButton,FilledButton,حالة واجهة فقط,C,يعمل,,
BTN-0237,inventorys,—,—,lib/ui/screens/inventory_sheets.dart:644,onPressed,onPressed,حالة واجهة فقط,C,يعمل,,
BTN-0238,messages,TextField,—,lib/ui/screens/messages_screen.dart:77,TextField,TextField,حالة واجهة فقط,C,يعمل,,
BTN-0239,messages,TextField,—,lib/ui/screens/messages_screen.dart:82,TextField,TextField,حالة واجهة فقط,C,يعمل,,
BTN-0240,messages,FilledButton,—,lib/ui/screens/messages_screen.dart:88,FilledButton,FilledButton,حالة واجهة فقط,C,يعمل,,
BTN-0241,messages,—,—,lib/ui/screens/messages_screen.dart:89,onPressed,onPressed,حالة واجهة فقط,C,يعمل,,
BTN-0242,offers_reward_template,TextButton,إلغاء,lib/ui/screens/offers_reward_template_sheet.dart:2085,إلغاء,onPressed,تنقّل/فتح واجهة,A,يعمل,,
BTN-0243,offers_reward_template,FilledButton,إرسال,lib/ui/screens/offers_reward_template_sheet.dart:2086,إرسال,onPressed,تنقّل/فتح واجهة,A,يعمل,,
BTN-0244,offers_reward_template,TextField,—,lib/ui/screens/offers_reward_template_sheet.dart:2247,TextField,TextField,حالة واجهة فقط,C,يعمل,,
BTN-0245,offers_reward_template,SwitchListTile,—,lib/ui/screens/offers_reward_template_sheet.dart:2288,SwitchListTile,SwitchListTile,حالة واجهة فقط,C,يعمل,,
BTN-0246,offers_reward_template,—,—,lib/ui/screens/offers_reward_template_sheet.dart:2291,onChanged,onChanged,حالة واجهة فقط,C,يعمل,,
BTN-0247,offers_reward_template,—,—,lib/ui/screens/offers_reward_template_sheet.dart:2320,onChanged,onChanged,حالة واجهة فقط,C,يعمل,,
BTN-0248,offers_reward_template,SwitchListTile,—,lib/ui/screens/offers_reward_template_sheet.dart:2323,SwitchListTile,SwitchListTile,حالة واجهة فقط,C,يعمل,,
BTN-0249,offers_reward_template,—,—,lib/ui/screens/offers_reward_template_sheet.dart:2326,onChanged,onChanged,حالة واجهة فقط,C,يعمل,,
BTN-0250,offers_reward_template,—,—,lib/ui/screens/offers_reward_template_sheet.dart:2345,onPressed,onPressed,حالة واجهة فقط,C,يعمل,,
BTN-0251,offers_reward_template,—,—,lib/ui/screens/offers_reward_template_sheet.dart:2357,onPressed,onPressed,حالة واجهة فقط,C,يعمل,,
BTN-0252,offers_reward_template,—,—,lib/ui/screens/offers_reward_template_sheet.dart:2371,onPressed,onPressed,حالة واجهة فقط,C,يعمل,,
BTN-0253,offers_reward_template,—,—,lib/ui/screens/offers_reward_template_sheet.dart:2383,onPressed,onPressed,حالة واجهة فقط,C,يعمل,,
BTN-0254,offers_reward_template,—,—,lib/ui/screens/offers_reward_template_sheet.dart:2395,onPressed,onPressed,حالة واجهة فقط,C,يعمل,,
BTN-0255,offers_reward_template,TextField,—,lib/ui/screens/offers_reward_template_sheet.dart:2408,TextField,TextField,حالة واجهة فقط,C,يعمل,,
BTN-0256,offers_reward_template,—,—,lib/ui/screens/offers_reward_template_sheet.dart:2421,onPressed,onPressed,حالة واجهة فقط,C,يعمل,,
BTN-0257,offers_reward_template,—,—,lib/ui/screens/offers_reward_template_sheet.dart:2435,onPressed,onPressed,حالة واجهة فقط,C,يعمل,,
BTN-0258,offers_reward_template,—,—,lib/ui/screens/offers_reward_template_sheet.dart:2447,onPressed,onPressed,حالة واجهة فقط,C,يعمل,,
BTN-0259,offers_reward_template,—,—,lib/ui/screens/offers_reward_template_sheet.dart:2459,onPressed,onPressed,حالة واجهة فقط,C,يعمل,,
BTN-0260,offers_reward_template,—,—,lib/ui/screens/offers_reward_template_sheet.dart:2471,onPressed,onPressed,حالة واجهة فقط,C,يعمل,,
BTN-0261,offers_reward_template,TextField,—,lib/ui/screens/offers_reward_template_sheet.dart:2484,TextField,TextField,حالة واجهة فقط,C,يعمل,,
BTN-0262,offers_reward_template,—,—,lib/ui/screens/offers_reward_template_sheet.dart:2497,onPressed,onPressed,حالة واجهة فقط,C,يعمل,,
BTN-0263,offers_reward_template,TextField,—,lib/ui/screens/offers_reward_template_sheet.dart:2512,TextField,TextField,حالة واجهة فقط,C,يعمل,,
BTN-0264,offers_reward_template,—,—,lib/ui/screens/offers_reward_template_sheet.dart:2525,onPressed,onPressed,حالة واجهة فقط,C,يعمل,,
BTN-0265,offers_reward_template,—,—,lib/ui/screens/offers_reward_template_sheet.dart:2540,onPressed,onPressed,حالة واجهة فقط,C,يعمل,,
BTN-0266,offers_reward_template,—,—,lib/ui/screens/offers_reward_template_sheet.dart:2551,onPressed,onPressed,حالة واجهة فقط,C,يعمل,,
BTN-0267,offers_reward_template,—,—,lib/ui/screens/offers_reward_template_sheet.dart:2562,onPressed,onPressed,حالة واجهة فقط,C,يعمل,,
BTN-0268,offers_reward_template,—,—,lib/ui/screens/offers_reward_template_sheet.dart:2573,onPressed,onPressed,حالة واجهة فقط,C,يعمل,,
BTN-0269,offers_reward_template,—,—,lib/ui/screens/offers_reward_template_sheet.dart:2584,onPressed,onPressed,حالة واجهة فقط,C,يعمل,,
BTN-0270,offers_reward_template,—,—,lib/ui/screens/offers_reward_template_sheet.dart:2598,onPressed,onPressed,حالة واجهة فقط,C,يعمل,,
BTN-0271,offers_reward_template,TextField,—,lib/ui/screens/offers_reward_template_sheet.dart:2610,TextField,TextField,حالة واجهة فقط,C,يعمل,,
BTN-0272,offers_reward_template,—,—,lib/ui/screens/offers_reward_template_sheet.dart:2644,onPressed,onPressed,حالة واجهة فقط,C,يعمل,,
BTN-0273,offers_reward_template,—,—,lib/ui/screens/offers_reward_template_sheet.dart:2652,onPressed,onPressed,حالة واجهة فقط,C,يعمل,,
BTN-0274,offers,—,—,lib/ui/screens/offers_screen.dart:164,onPressed,onPressed,تنقّل/فتح واجهة,A,يعمل,,
BTN-0275,offers,TextButton,—,lib/ui/screens/offers_screen.dart:209,TextButton,TextButton,حالة واجهة فقط,C,يعمل,,
BTN-0276,offers,—,—,lib/ui/screens/offers_screen.dart:210,onPressed,onPressed,تنقّل/فتح واجهة,A,يعمل,,
BTN-0277,offers,FilledButton,—,lib/ui/screens/offers_screen.dart:213,FilledButton,FilledButton,حالة واجهة فقط,C,يعمل,,
BTN-0278,offers,—,—,lib/ui/screens/offers_screen.dart:214,onPressed,onPressed,تنقّل/فتح واجهة,A,يعمل,,
BTN-0279,offers,NetHeaderAction,—,lib/ui/screens/offers_screen.dart:277,NetHeaderAction,NetHeaderAction,حالة واجهة فقط,C,يعمل,,
BTN-0280,offers,—,—,lib/ui/screens/offers_screen.dart:280,onPressed,onPressed,تنقّل/فتح واجهة,A,يعمل,,
BTN-0281,offers,NetHeaderAction,—,lib/ui/screens/offers_screen.dart:288,NetHeaderAction,NetHeaderAction,حالة واجهة فقط,C,يعمل,,
BTN-0282,offers,—,—,lib/ui/screens/offers_screen.dart:291,onPressed,onPressed,خدمة/مستودع (DB أو ملف أو Android),B,يعمل,,
BTN-0283,offers,Tab,—,lib/ui/screens/offers_screen.dart:315,Tab,Tab,حالة واجهة فقط,C,يعمل,,
BTN-0284,offers,Tab,—,lib/ui/screens/offers_screen.dart:316,Tab,Tab,حالة واجهة فقط,C,يعمل,,
BTN-0285,offers,—,—,lib/ui/screens/offers_screen.dart:330,onRefresh,onRefresh,خدمة/مستودع (DB أو ملف أو Android),B,يعمل,,
BTN-0286,offers,—,—,lib/ui/screens/offers_screen.dart:335,onRefresh,onRefresh,خدمة/مستودع (DB أو ملف أو Android),B,يعمل,,
BTN-0287,offers,—,—,lib/ui/screens/offers_screen.dart:446,onSelected,onSelected,خدمة/مستودع (DB أو ملف أو Android),B,يعمل,,
BTN-0288,offers,PopupMenuItem,تعديل,lib/ui/screens/offers_screen.dart:454,تعديل,PopupMenuItem,حالة واجهة فقط,C,يعمل,,
BTN-0289,offers,PopupMenuItem,قالب المكافأة,lib/ui/screens/offers_screen.dart:455,قالب المكافأة,PopupMenuItem,حالة واجهة فقط,C,يعمل,,
BTN-0290,offers,PopupMenuItem,—,lib/ui/screens/offers_screen.dart:456,PopupMenuItem,PopupMenuItem,حالة واجهة فقط,C,يعمل,,
BTN-0291,offers,PopupMenuItem,—,lib/ui/screens/offers_screen.dart:460,PopupMenuItem,PopupMenuItem,حالة واجهة فقط,C,يعمل,,
BTN-0292,offers,PopupMenuItem,حذف,lib/ui/screens/offers_screen.dart:464,حذف,PopupMenuItem,حالة واجهة فقط,C,يعمل,,
BTN-0293,offers,TextField,—,lib/ui/screens/offers_screen.dart:519,TextField,TextField,حالة واجهة فقط,C,يعمل,,
BTN-0294,offers,—,—,lib/ui/screens/offers_screen.dart:527,onSubmitted,onSubmitted,تنقّل/فتح واجهة,A,يعمل,,
BTN-0295,offers,TextButton,—,lib/ui/screens/offers_screen.dart:530,TextButton,TextButton,حالة واجهة فقط,C,يعمل,,
BTN-0296,offers,—,—,lib/ui/screens/offers_screen.dart:531,onPressed,onPressed,تنقّل/فتح واجهة,A,يعمل,,
BTN-0297,offers,FilledButton,—,lib/ui/screens/offers_screen.dart:534,FilledButton,FilledButton,حالة واجهة فقط,C,يعمل,,
BTN-0298,offers,—,—,lib/ui/screens/offers_screen.dart:535,onPressed,onPressed,تنقّل/فتح واجهة,A,يعمل,,
BTN-0299,offers_wizard,TextField,—,lib/ui/screens/offers_wizard_sheet.dart:167,TextField,TextField,حالة واجهة فقط,C,يعمل,,
BTN-0300,offers_wizard,—,—,lib/ui/screens/offers_wizard_sheet.dart:170,onSubmitted,onSubmitted,خدمة/مستودع (DB أو ملف أو Android),B,يعمل,,
BTN-0301,offers_wizard,TextField,—,lib/ui/screens/offers_wizard_sheet.dart:184,TextField,TextField,حالة واجهة فقط,C,يعمل,,
BTN-0302,offers_wizard,—,—,lib/ui/screens/offers_wizard_sheet.dart:210,onChanged,onChanged,حالة واجهة فقط,C,يعمل,,
BTN-0303,offers_wizard,TextField,—,lib/ui/screens/offers_wizard_sheet.dart:239,TextField,TextField,حالة واجهة فقط,C,يعمل,,
BTN-0304,offers_wizard,OutlinedButton,—,lib/ui/screens/offers_wizard_sheet.dart:321,OutlinedButton,OutlinedButton,حالة واجهة فقط,C,يعمل,,
BTN-0305,offers_wizard,—,—,lib/ui/screens/offers_wizard_sheet.dart:322,onPressed,onPressed,خدمة/مستودع (DB أو ملف أو Android),B,يعمل,,
BTN-0306,offers_wizard,FilledButton,—,lib/ui/screens/offers_wizard_sheet.dart:329,FilledButton,FilledButton,حالة واجهة فقط,C,يعمل,,
BTN-0307,offers_wizard,—,—,lib/ui/screens/offers_wizard_sheet.dart:331,onPressed,onPressed,خدمة/مستودع (DB أو ملف أو Android),B,يعمل,,
BTN-0308,pending_messages,TextButton,—,lib/ui/screens/pending_messages_screen.dart:209,TextButton,TextButton,حالة واجهة فقط,C,يعمل,,
BTN-0309,pending_messages,—,—,lib/ui/screens/pending_messages_screen.dart:210,onPressed,onPressed,تنقّل/فتح واجهة,A,يعمل,,
BTN-0310,pending_messages,FilledButton,—,lib/ui/screens/pending_messages_screen.dart:213,FilledButton,FilledButton,حالة واجهة فقط,C,يعمل,,
BTN-0311,pending_messages,—,—,lib/ui/screens/pending_messages_screen.dart:217,onPressed,onPressed,تنقّل/فتح واجهة,A,يعمل,,
BTN-0312,pending_messages,IconButton,—,lib/ui/screens/pending_messages_screen.dart:292,IconButton,IconButton,حالة واجهة فقط,C,يعمل,,
BTN-0313,pending_messages,—,—,lib/ui/screens/pending_messages_screen.dart:294,onPressed,onPressed,تنقّل/فتح واجهة,A,يعمل,,
BTN-0314,pending_messages,IconButton,—,lib/ui/screens/pending_messages_screen.dart:308,IconButton,IconButton,حالة واجهة فقط,C,يعمل,,
BTN-0315,pending_messages,—,—,lib/ui/screens/pending_messages_screen.dart:310,onPressed,onPressed,خدمة/مستودع (DB أو ملف أو Android),B,يعمل,,
BTN-0316,pending_messages,TextButton,—,lib/ui/screens/pending_messages_screen.dart:346,TextButton,TextButton,حالة واجهة فقط,C,يعمل,,
BTN-0317,pending_messages,—,—,lib/ui/screens/pending_messages_screen.dart:347,onPressed,onPressed,خدمة/مستودع (DB أو ملف أو Android),B,يعمل,,
BTN-0318,pending_messages,TextField,—,lib/ui/screens/pending_messages_screen.dart:399,TextField,TextField,حالة واجهة فقط,C,يعمل,,
BTN-0319,pending_messages,—,—,lib/ui/screens/pending_messages_screen.dart:401,onChanged,onChanged,حالة واجهة فقط,C,يعمل,,
BTN-0320,pending_messages,—,—,lib/ui/screens/pending_messages_screen.dart:441,onRefresh,onRefresh,خدمة/مستودع (DB أو ملف أو Android),B,يعمل,,
BTN-0321,pending_messages,FilledButton,—,lib/ui/screens/pending_messages_screen.dart:629,FilledButton,FilledButton,حالة واجهة فقط,C,يعمل,,
BTN-0322,pending_messages,—,—,lib/ui/screens/pending_messages_screen.dart:630,onPressed,onPressed,حالة واجهة فقط,C,يعمل,,
BTN-0323,pending_messages,OutlinedButton,—,lib/ui/screens/pending_messages_screen.dart:642,OutlinedButton,OutlinedButton,حالة واجهة فقط,C,يعمل,,
BTN-0324,pending_messages,—,—,lib/ui/screens/pending_messages_screen.dart:643,onPressed,onPressed,حالة واجهة فقط,C,يعمل,,
BTN-0325,pending_messages,—,—,lib/ui/screens/pending_messages_screen.dart:656,onPressed,onPressed,حالة واجهة فقط,C,يعمل,,
BTN-0326,pos,TextField,—,lib/ui/screens/pos_screen.dart:303,TextField,TextField,حالة واجهة فقط,C,يعمل,,
BTN-0327,pos,IconButton,—,lib/ui/screens/pos_screen.dart:308,IconButton,IconButton,حالة واجهة فقط,C,يعمل,,
BTN-0328,pos,—,—,lib/ui/screens/pos_screen.dart:316,onPressed,onPressed,خدمة/مستودع (DB أو ملف أو Android),B,يعمل,,
BTN-0329,pos,TextField,—,lib/ui/screens/pos_screen.dart:335,TextField,TextField,حالة واجهة فقط,C,يعمل,,
BTN-0330,pos,TextField,—,lib/ui/screens/pos_screen.dart:344,TextField,TextField,حالة واجهة فقط,C,يعمل,,
BTN-0331,pos,—,—,lib/ui/screens/pos_screen.dart:365,onChanged,onChanged,خدمة/مستودع (DB أو ملف أو Android),B,يعمل,,
BTN-0332,pos,—,—,lib/ui/screens/pos_screen.dart:382,onChanged,onChanged,خدمة/مستودع (DB أو ملف أو Android),B,يعمل,,
BTN-0333,pos,TextButton,—,lib/ui/screens/pos_screen.dart:419,TextButton,TextButton,حالة واجهة فقط,C,يعمل,,
BTN-0334,pos,—,—,lib/ui/screens/pos_screen.dart:420,onPressed,onPressed,تنقّل/فتح واجهة,A,يعمل,,
BTN-0335,pos,FilledButton,—,lib/ui/screens/pos_screen.dart:426,FilledButton,FilledButton,حالة واجهة فقط,C,يعمل,,
BTN-0336,pos,—,—,lib/ui/screens/pos_screen.dart:431,onPressed,onPressed,خدمة/مستودع (DB أو ملف أو Android),B,يعمل,,
BTN-0337,pos,ListTile,—,lib/ui/screens/pos_screen.dart:597,ListTile,ListTile,حالة واجهة فقط,C,يعمل,,
BTN-0338,pos,—,—,lib/ui/screens/pos_screen.dart:603,onTap,onTap,تنقّل/فتح واجهة,A,يعمل,,
BTN-0339,pos,ListTile,—,lib/ui/screens/pos_screen.dart:608,ListTile,ListTile,حالة واجهة فقط,C,يعمل,,
BTN-0340,pos,—,—,lib/ui/screens/pos_screen.dart:618,onTap,onTap,تنقّل/فتح واجهة,A,يعمل,,
BTN-0341,pos,ListTile,—,lib/ui/screens/pos_screen.dart:628,ListTile,ListTile,حالة واجهة فقط,C,يعمل,,
BTN-0342,pos,—,—,lib/ui/screens/pos_screen.dart:638,onTap,onTap,تنقّل/فتح واجهة,A,يعمل,,
BTN-0343,pos,ListTile,—,lib/ui/screens/pos_screen.dart:644,ListTile,ListTile,حالة واجهة فقط,C,يعمل,,
BTN-0344,pos,—,—,lib/ui/screens/pos_screen.dart:650,onTap,onTap,تنقّل/فتح واجهة,A,يعمل,,
BTN-0345,pos,ListTile,—,lib/ui/screens/pos_screen.dart:655,ListTile,ListTile,حالة واجهة فقط,C,يعمل,,
BTN-0346,pos,—,—,lib/ui/screens/pos_screen.dart:669,onTap,onTap,تنقّل/فتح واجهة,A,يعمل,,
BTN-0347,pos,IconButton,—,lib/ui/screens/pos_screen.dart:739,IconButton,IconButton,حالة واجهة فقط,C,يعمل,,
BTN-0348,pos,—,—,lib/ui/screens/pos_screen.dart:741,onPressed,onPressed,حالة واجهة فقط,C,يعمل,,
BTN-0349,pos,TextField,—,lib/ui/screens/pos_screen.dart:784,TextField,TextField,حالة واجهة فقط,C,يعمل,,
BTN-0350,pos,—,—,lib/ui/screens/pos_screen.dart:803,onRefresh,onRefresh,خدمة/مستودع (DB أو ملف أو Android),B,يعمل,,
BTN-0351,pos,—,—,lib/ui/screens/pos_screen.dart:812,onPressed,onPressed,خدمة/مستودع (DB أو ملف أو Android),B,يعمل,,
BTN-0352,pos,IconButton,—,lib/ui/screens/pos_screen.dart:866,IconButton,IconButton,حالة واجهة فقط,C,يعمل,,
BTN-0353,pos,—,—,lib/ui/screens/pos_screen.dart:872,onPressed,onPressed,خدمة/مستودع (DB أو ملف أو Android),B,يعمل,,
BTN-0354,pos,—,—,lib/ui/screens/pos_screen.dart:877,onChanged,onChanged,خدمة/مستودع (DB أو ملف أو Android),B,يعمل,,
BTN-0355,pos,InkWell,—,lib/ui/screens/pos_screen.dart:907,InkWell,InkWell,حالة واجهة فقط,C,يعمل,,
BTN-0356,pos,—,—,lib/ui/screens/pos_screen.dart:909,onTap,onTap,تنقّل/فتح واجهة,A,يعمل,,
BTN-0357,rejected_messages,TextButton,—,lib/ui/screens/rejected_messages_screen.dart:211,TextButton,TextButton,حالة واجهة فقط,C,يعمل,,
BTN-0358,rejected_messages,—,—,lib/ui/screens/rejected_messages_screen.dart:212,onPressed,onPressed,تنقّل/فتح واجهة,A,يعمل,,
BTN-0359,rejected_messages,FilledButton,—,lib/ui/screens/rejected_messages_screen.dart:215,FilledButton,FilledButton,حالة واجهة فقط,C,يعمل,,
BTN-0360,rejected_messages,—,—,lib/ui/screens/rejected_messages_screen.dart:216,onPressed,onPressed,تنقّل/فتح واجهة,A,يعمل,,
BTN-0361,rejected_messages,IconButton,—,lib/ui/screens/rejected_messages_screen.dart:330,IconButton,IconButton,حالة واجهة فقط,C,يعمل,,
BTN-0362,rejected_messages,—,—,lib/ui/screens/rejected_messages_screen.dart:332,onPressed,onPressed,تنقّل/فتح واجهة,A,يعمل,,
BTN-0363,rejected_messages,IconButton,—,lib/ui/screens/rejected_messages_screen.dart:345,IconButton,IconButton,حالة واجهة فقط,C,يعمل,,
BTN-0364,rejected_messages,—,—,lib/ui/screens/rejected_messages_screen.dart:347,onPressed,onPressed,حالة واجهة فقط,C,يعمل,,
BTN-0365,rejected_messages,IconButton,—,lib/ui/screens/rejected_messages_screen.dart:355,IconButton,IconButton,حالة واجهة فقط,C,يعمل,,
BTN-0366,rejected_messages,—,—,lib/ui/screens/rejected_messages_screen.dart:357,onPressed,onPressed,خدمة/مستودع (DB أو ملف أو Android),B,يعمل,,
BTN-0367,rejected_messages,—,—,lib/ui/screens/rejected_messages_screen.dart:402,onSelected,onSelected,حالة واجهة فقط,C,يعمل,,
BTN-0368,rejected_messages,TextField,—,lib/ui/screens/rejected_messages_screen.dart:418,TextField,TextField,حالة واجهة فقط,C,يعمل,,
BTN-0369,rejected_messages,—,—,lib/ui/screens/rejected_messages_screen.dart:420,onChanged,onChanged,حالة واجهة فقط,C,يعمل,,
BTN-0370,rejected_messages,—,—,lib/ui/screens/rejected_messages_screen.dart:462,onRefresh,onRefresh,خدمة/مستودع (DB أو ملف أو Android),B,يعمل,,
BTN-0371,rejected_messages,—,—,lib/ui/screens/rejected_messages_screen.dart:532,onRefresh,onRefresh,خدمة/مستودع (DB أو ملف أو Android),B,يعمل,,
BTN-0372,rejected_messages,—,—,lib/ui/screens/rejected_messages_screen.dart:795,onPressed,onPressed,حالة واجهة فقط,C,يعمل,,
BTN-0373,rejected_messages,—,—,lib/ui/screens/rejected_messages_screen.dart:817,onPressed,onPressed,حالة واجهة فقط,C,يعمل,,
BTN-0374,rejected_messages,—,—,lib/ui/screens/rejected_messages_screen.dart:835,onPressed,onPressed,حالة واجهة فقط,C,يعمل,,
BTN-0375,reports,—,—,lib/ui/screens/reports_screen.dart:128,onRefresh,onRefresh,خدمة/مستودع (DB أو ملف أو Android),B,يعمل,,
BTN-0376,reports,NetHeaderAction,—,lib/ui/screens/reports_screen.dart:139,NetHeaderAction,NetHeaderAction,حالة واجهة فقط,C,يعمل,,
BTN-0377,reports,—,—,lib/ui/screens/reports_screen.dart:142,onPressed,onPressed,حالة واجهة فقط,C,يعمل,,
BTN-0378,reports,IconButton,—,lib/ui/screens/reports_screen.dart:144,IconButton,IconButton,حالة واجهة فقط,C,يعمل,,
BTN-0379,reports,—,—,lib/ui/screens/reports_screen.dart:147,onPressed,onPressed,خدمة/مستودع (DB أو ملف أو Android),B,يعمل,,
BTN-0380,reports,—,—,lib/ui/screens/reports_screen.dart:166,onTap,onTap,خدمة/مستودع (DB أو ملف أو Android),B,يعمل,,
BTN-0381,reports,—,—,lib/ui/screens/reports_screen.dart:177,onTap,onTap,خدمة/مستودع (DB أو ملف أو Android),B,يعمل,,
BTN-0382,reports,—,—,lib/ui/screens/reports_screen.dart:188,onTap,onTap,خدمة/مستودع (DB أو ملف أو Android),B,يعمل,,
BTN-0383,reports,—,—,lib/ui/screens/reports_screen.dart:268,onTap,onTap,خدمة/مستودع (DB أو ملف أو Android),B,يعمل,,
BTN-0384,reports,—,—,lib/ui/screens/reports_screen.dart:277,onTap,onTap,خدمة/مستودع (DB أو ملف أو Android),B,يعمل,,
BTN-0385,reports,—,—,lib/ui/screens/reports_screen.dart:285,onTap,onTap,خدمة/مستودع (DB أو ملف أو Android),B,يعمل,,
BTN-0386,reports,—,—,lib/ui/screens/reports_screen.dart:300,onTap,onTap,خدمة/مستودع (DB أو ملف أو Android),B,يعمل,,
BTN-0387,reports,—,—,lib/ui/screens/reports_screen.dart:309,onTap,onTap,خدمة/مستودع (DB أو ملف أو Android),B,يعمل,,
BTN-0388,reports,—,—,lib/ui/screens/reports_screen.dart:322,onTap,onTap,خدمة/مستودع (DB أو ملف أو Android),B,يعمل,,
BTN-0389,reports,—,—,lib/ui/screens/reports_screen.dart:330,onTap,onTap,خدمة/مستودع (DB أو ملف أو Android),B,يعمل,,
BTN-0390,reports,InkWell,—,lib/ui/screens/reports_screen.dart:372,InkWell,InkWell,حالة واجهة فقط,C,يعمل,,
BTN-0391,reports,—,—,lib/ui/screens/reports_screen.dart:373,onTap,onTap,خدمة/مستودع (DB أو ملف أو Android),B,يعمل,,
BTN-0392,reports,—,—,lib/ui/screens/reports_screen.dart:487,onTap,onTap,خدمة/مستودع (DB أو ملف أو Android),B,يعمل,,
BTN-0393,sold_cards,—,—,lib/ui/screens/sold_cards_sheet.dart:34,onChanged,onChanged,خدمة/مستودع (DB أو ملف أو Android),B,مُصلَح,5.3: تصدير CSV إلى ملف فعلي (BOM) بدل الحافظة,test/domain/sold_cards_phase4_test.dart
BTN-0394,sold_cards,TextButton,إلغاء,lib/ui/screens/sold_cards_sheet.dart:266,إلغاء,onPressed,تنقّل/فتح واجهة,A,مُصلَح,5.3: تصدير CSV إلى ملف فعلي (BOM) بدل الحافظة,test/domain/sold_cards_phase4_test.dart
BTN-0395,sold_cards,FilledButton,تأكيد,lib/ui/screens/sold_cards_sheet.dart:267,تأكيد,onPressed,تنقّل/فتح واجهة,A,مُصلَح,5.3: تصدير CSV إلى ملف فعلي (BOM) بدل الحافظة,test/domain/sold_cards_phase4_test.dart
BTN-0396,sold_cards,IconButton,—,lib/ui/screens/sold_cards_sheet.dart:334,IconButton,IconButton,حالة واجهة فقط,C,مُصلَح,5.3: تصدير CSV إلى ملف فعلي (BOM) بدل الحافظة,test/domain/sold_cards_phase4_test.dart
BTN-0397,sold_cards,—,—,lib/ui/screens/sold_cards_sheet.dart:336,onPressed,onPressed,حالة واجهة فقط,C,مُصلَح,5.3: تصدير CSV إلى ملف فعلي (BOM) بدل الحافظة,test/domain/sold_cards_phase4_test.dart
BTN-0398,sold_cards,IconButton,—,lib/ui/screens/sold_cards_sheet.dart:339,IconButton,IconButton,حالة واجهة فقط,C,مُصلَح,5.3: تصدير CSV إلى ملف فعلي (BOM) بدل الحافظة,test/domain/sold_cards_phase4_test.dart
BTN-0399,sold_cards,—,—,lib/ui/screens/sold_cards_sheet.dart:341,onPressed,onPressed,حالة واجهة فقط,C,مُصلَح,5.3: تصدير CSV إلى ملف فعلي (BOM) بدل الحافظة,test/domain/sold_cards_phase4_test.dart
BTN-0400,sold_cards,IconButton,—,lib/ui/screens/sold_cards_sheet.dart:345,IconButton,IconButton,حالة واجهة فقط,C,مُصلَح,5.3: تصدير CSV إلى ملف فعلي (BOM) بدل الحافظة,test/domain/sold_cards_phase4_test.dart
BTN-0401,sold_cards,—,—,lib/ui/screens/sold_cards_sheet.dart:347,onPressed,onPressed,خدمة/مستودع (DB أو ملف أو Android),B,مُصلَح,5.3: تصدير CSV إلى ملف فعلي (BOM) بدل الحافظة,test/domain/sold_cards_phase4_test.dart
BTN-0402,sold_cards,TextField,—,lib/ui/screens/sold_cards_sheet.dart:357,TextField,TextField,حالة واجهة فقط,C,مُصلَح,5.3: تصدير CSV إلى ملف فعلي (BOM) بدل الحافظة,test/domain/sold_cards_phase4_test.dart
BTN-0403,sold_cards,—,—,lib/ui/screens/sold_cards_sheet.dart:366,onSubmitted,onSubmitted,خدمة/مستودع (DB أو ملف أو Android),B,مُصلَح,5.3: تصدير CSV إلى ملف فعلي (BOM) بدل الحافظة,test/domain/sold_cards_phase4_test.dart
BTN-0404,sold_cards,TextField,—,lib/ui/screens/sold_cards_sheet.dart:369,TextField,TextField,حالة واجهة فقط,C,مُصلَح,5.3: تصدير CSV إلى ملف فعلي (BOM) بدل الحافظة,test/domain/sold_cards_phase4_test.dart
BTN-0405,sold_cards,—,—,lib/ui/screens/sold_cards_sheet.dart:378,onSubmitted,onSubmitted,خدمة/مستودع (DB أو ملف أو Android),B,مُصلَح,5.3: تصدير CSV إلى ملف فعلي (BOM) بدل الحافظة,test/domain/sold_cards_phase4_test.dart
BTN-0406,sold_cards,—,—,lib/ui/screens/sold_cards_sheet.dart:401,onChanged,onChanged,حالة واجهة فقط,C,مُصلَح,5.3: تصدير CSV إلى ملف فعلي (BOM) بدل الحافظة,test/domain/sold_cards_phase4_test.dart
BTN-0407,sold_cards,—,—,lib/ui/screens/sold_cards_sheet.dart:427,onChanged,onChanged,حالة واجهة فقط,C,مُصلَح,5.3: تصدير CSV إلى ملف فعلي (BOM) بدل الحافظة,test/domain/sold_cards_phase4_test.dart
BTN-0408,sold_cards,OutlinedButton,—,lib/ui/screens/sold_cards_sheet.dart:434,OutlinedButton,OutlinedButton,حالة واجهة فقط,C,مُصلَح,5.3: تصدير CSV إلى ملف فعلي (BOM) بدل الحافظة,test/domain/sold_cards_phase4_test.dart
BTN-0409,sold_cards,—,—,lib/ui/screens/sold_cards_sheet.dart:435,onPressed,onPressed,خدمة/مستودع (DB أو ملف أو Android),B,مُصلَح,5.3: تصدير CSV إلى ملف فعلي (BOM) بدل الحافظة,test/domain/sold_cards_phase4_test.dart
BTN-0410,sold_cards,OutlinedButton,—,lib/ui/screens/sold_cards_sheet.dart:442,OutlinedButton,OutlinedButton,حالة واجهة فقط,C,مُصلَح,5.3: تصدير CSV إلى ملف فعلي (BOM) بدل الحافظة,test/domain/sold_cards_phase4_test.dart
BTN-0411,sold_cards,—,—,lib/ui/screens/sold_cards_sheet.dart:443,onPressed,onPressed,خدمة/مستودع (DB أو ملف أو Android),B,مُصلَح,5.3: تصدير CSV إلى ملف فعلي (BOM) بدل الحافظة,test/domain/sold_cards_phase4_test.dart
BTN-0412,sold_cards,TextButton,—,lib/ui/screens/sold_cards_sheet.dart:454,TextButton,TextButton,حالة واجهة فقط,C,مُصلَح,5.3: تصدير CSV إلى ملف فعلي (BOM) بدل الحافظة,test/domain/sold_cards_phase4_test.dart
BTN-0413,sold_cards,—,—,lib/ui/screens/sold_cards_sheet.dart:455,onPressed,onPressed,حالة واجهة فقط,C,مُصلَح,5.3: تصدير CSV إلى ملف فعلي (BOM) بدل الحافظة,test/domain/sold_cards_phase4_test.dart
BTN-0414,sold_cards,InkWell,—,lib/ui/screens/sold_cards_sheet.dart:486,InkWell,InkWell,حالة واجهة فقط,C,مُصلَح,5.3: تصدير CSV إلى ملف فعلي (BOM) بدل الحافظة,test/domain/sold_cards_phase4_test.dart
BTN-0415,sold_cards,—,—,lib/ui/screens/sold_cards_sheet.dart:487,onLongPress,onLongPress,حالة واجهة فقط,C,مُصلَح,5.3: تصدير CSV إلى ملف فعلي (BOM) بدل الحافظة,test/domain/sold_cards_phase4_test.dart
BTN-0416,sold_cards,—,—,lib/ui/screens/sold_cards_sheet.dart:494,onTap,onTap,حالة واجهة فقط,C,مُصلَح,5.3: تصدير CSV إلى ملف فعلي (BOM) بدل الحافظة,test/domain/sold_cards_phase4_test.dart
BTN-0417,system_check,IconButton,—,lib/ui/screens/system_check_screen.dart:158,IconButton,IconButton,حالة واجهة فقط,C,يعمل,,
BTN-0418,system_check,—,—,lib/ui/screens/system_check_screen.dart:160,onPressed,onPressed,حالة واجهة فقط,C,يعمل,,
BTN-0419,system_check,—,—,lib/ui/screens/system_check_screen.dart:180,onRefresh,onRefresh,خدمة/مستودع (DB أو ملف أو Android),B,يعمل,,
BTN-0420,system_check,—,—,lib/ui/screens/system_check_screen.dart:363,onPressed,onPressed,خدمة/مستودع (DB أو ملف أو Android),B,يعمل,,
BTN-0421,transactions_log,IconButton,—,lib/ui/screens/transactions_log_screen.dart:208,IconButton,IconButton,حالة واجهة فقط,C,يعمل,,
BTN-0422,transactions_log,—,—,lib/ui/screens/transactions_log_screen.dart:210,onPressed,onPressed,تنقّل/فتح واجهة,A,يعمل,,
BTN-0423,transactions_log,IconButton,—,lib/ui/screens/transactions_log_screen.dart:219,IconButton,IconButton,حالة واجهة فقط,C,يعمل,,
BTN-0424,transactions_log,—,—,lib/ui/screens/transactions_log_screen.dart:221,onPressed,onPressed,خدمة/مستودع (DB أو ملف أو Android),B,يعمل,,
BTN-0425,transactions_log,IconButton,—,lib/ui/screens/transactions_log_screen.dart:224,IconButton,IconButton,حالة واجهة فقط,C,يعمل,,
BTN-0426,transactions_log,—,—,lib/ui/screens/transactions_log_screen.dart:226,onPressed,onPressed,خدمة/مستودع (DB أو ملف أو Android),B,يعمل,,
BTN-0427,transactions_log,TextField,—,lib/ui/screens/transactions_log_screen.dart:240,TextField,TextField,حالة واجهة فقط,C,يعمل,,
BTN-0428,transactions_log,—,—,lib/ui/screens/transactions_log_screen.dart:242,onChanged,onChanged,حالة واجهة فقط,C,يعمل,,
BTN-0429,transactions_log,IconButton,—,lib/ui/screens/transactions_log_screen.dart:254,IconButton,IconButton,حالة واجهة فقط,C,يعمل,,
BTN-0430,transactions_log,—,—,lib/ui/screens/transactions_log_screen.dart:256,onPressed,onPressed,حالة واجهة فقط,C,يعمل,,
BTN-0431,transactions_log,—,—,lib/ui/screens/transactions_log_screen.dart:307,onPressed,onPressed,خدمة/مستودع (DB أو ملف أو Android),B,يعمل,,
BTN-0432,transactions_log,—,—,lib/ui/screens/transactions_log_screen.dart:344,onRefresh,onRefresh,خدمة/مستودع (DB أو ملف أو Android),B,يعمل,,
BTN-0433,transactions_log,—,—,lib/ui/screens/transactions_log_screen.dart:392,onTap,onTap,خدمة/مستودع (DB أو ملف أو Android),B,يعمل,,
BTN-0434,transactions_log,—,—,lib/ui/screens/transactions_log_screen.dart:426,onSelected,onSelected,حالة واجهة فقط,C,يعمل,,
BTN-0435,transactions_log,ListTile,—,lib/ui/screens/transactions_log_screen.dart:542,ListTile,ListTile,حالة واجهة فقط,C,يعمل,,
BTN-0436,transactions_log,—,—,lib/ui/screens/transactions_log_screen.dart:549,onTap,onTap,تنقّل/فتح واجهة,A,يعمل,,
BTN-0437,transactions_log,ListTile,—,lib/ui/screens/transactions_log_screen.dart:551,ListTile,ListTile,حالة واجهة فقط,C,يعمل,,
BTN-0438,transactions_log,—,—,lib/ui/screens/transactions_log_screen.dart:558,onTap,onTap,تنقّل/فتح واجهة,A,يعمل,,
BTN-0439,transactions_log,—,—,lib/ui/screens/transactions_log_screen.dart:713,onTap,onTap,خدمة/مستودع (DB أو ملف أو Android),B,يعمل,,
BTN-0440,transactions_log,—,—,lib/ui/screens/transactions_log_screen.dart:896,onSelected,onSelected,حالة واجهة فقط,C,يعمل,,
BTN-0441,transactions_log,OutlinedButton,—,lib/ui/screens/transactions_log_screen.dart:927,OutlinedButton,OutlinedButton,حالة واجهة فقط,C,يعمل,,
BTN-0442,transactions_log,—,—,lib/ui/screens/transactions_log_screen.dart:928,onPressed,onPressed,حالة واجهة فقط,C,يعمل,,
BTN-0443,transactions_log,FilledButton,—,lib/ui/screens/transactions_log_screen.dart:935,FilledButton,FilledButton,حالة واجهة فقط,C,يعمل,,
BTN-0444,transactions_log,—,—,lib/ui/screens/transactions_log_screen.dart:936,onPressed,onPressed,تنقّل/فتح واجهة,A,يعمل,,
BTN-0445,transactions_log,ListTile,—,lib/ui/screens/transactions_log_screen.dart:1031,ListTile,ListTile,حالة واجهة فقط,C,يعمل,,
BTN-0446,transactions_log,—,—,lib/ui/screens/transactions_log_screen.dart:1040,onTap,onTap,خدمة/مستودع (DB أو ملف أو Android),B,يعمل,,
BTN-0447,transactions_log,ListTile,—,lib/ui/screens/transactions_log_screen.dart:1042,ListTile,ListTile,حالة واجهة فقط,C,يعمل,,
BTN-0448,transactions_log,—,—,lib/ui/screens/transactions_log_screen.dart:1051,onTap,onTap,خدمة/مستودع (DB أو ملف أو Android),B,يعمل,,
BTN-0449,transactions_log,OutlinedButton,—,lib/ui/screens/transactions_log_screen.dart:1057,OutlinedButton,OutlinedButton,حالة واجهة فقط,C,يعمل,,
BTN-0450,transactions_log,—,—,lib/ui/screens/transactions_log_screen.dart:1058,onPressed,onPressed,حالة واجهة فقط,C,يعمل,,
BTN-0451,transactions_log,FilledButton,—,lib/ui/screens/transactions_log_screen.dart:1068,FilledButton,FilledButton,حالة واجهة فقط,C,يعمل,,
BTN-0452,transactions_log,—,—,lib/ui/screens/transactions_log_screen.dart:1069,onPressed,onPressed,تنقّل/فتح واجهة,A,يعمل,,
BTN-0453,wallets,TextField,—,lib/ui/screens/wallets_screen.dart:179,TextField,TextField,حالة واجهة فقط,C,مُصلَح,WP-10: اتساق المحافظ وإزالة القوالب النظامية المكرّرة,test/services/wallet_catalog_strict_test.dart
BTN-0454,wallets,TextField,—,lib/ui/screens/wallets_screen.dart:189,TextField,TextField,حالة واجهة فقط,C,مُصلَح,WP-10: اتساق المحافظ وإزالة القوالب النظامية المكرّرة,test/services/wallet_catalog_strict_test.dart
BTN-0455,wallets,—,—,lib/ui/screens/wallets_screen.dart:207,onSelected,onSelected,خدمة/مستودع (DB أو ملف أو Android),B,مُصلَح,WP-10: اتساق المحافظ وإزالة القوالب النظامية المكرّرة,test/services/wallet_catalog_strict_test.dart
BTN-0456,wallets,—,—,lib/ui/screens/wallets_screen.dart:215,onSelected,onSelected,حالة واجهة فقط,C,مُصلَح,WP-10: اتساق المحافظ وإزالة القوالب النظامية المكرّرة,test/services/wallet_catalog_strict_test.dart
BTN-0457,wallets,TextField,—,lib/ui/screens/wallets_screen.dart:223,TextField,TextField,حالة واجهة فقط,C,مُصلَح,WP-10: اتساق المحافظ وإزالة القوالب النظامية المكرّرة,test/services/wallet_catalog_strict_test.dart
BTN-0458,wallets,TextButton,—,lib/ui/screens/wallets_screen.dart:237,TextButton,TextButton,حالة واجهة فقط,C,مُصلَح,WP-10: اتساق المحافظ وإزالة القوالب النظامية المكرّرة,test/services/wallet_catalog_strict_test.dart
BTN-0459,wallets,—,—,lib/ui/screens/wallets_screen.dart:238,onPressed,onPressed,تنقّل/فتح واجهة,A,مُصلَح,WP-10: اتساق المحافظ وإزالة القوالب النظامية المكرّرة,test/services/wallet_catalog_strict_test.dart
BTN-0460,wallets,FilledButton,—,lib/ui/screens/wallets_screen.dart:244,FilledButton,FilledButton,حالة واجهة فقط,C,مُصلَح,WP-10: اتساق المحافظ وإزالة القوالب النظامية المكرّرة,test/services/wallet_catalog_strict_test.dart
BTN-0461,wallets,—,—,lib/ui/screens/wallets_screen.dart:248,onPressed,onPressed,تنقّل/فتح واجهة,A,مُصلَح,WP-10: اتساق المحافظ وإزالة القوالب النظامية المكرّرة,test/services/wallet_catalog_strict_test.dart
BTN-0462,wallets,ListTile,—,lib/ui/screens/wallets_screen.dart:345,ListTile,ListTile,حالة واجهة فقط,C,مُصلَح,WP-10: اتساق المحافظ وإزالة القوالب النظامية المكرّرة,test/services/wallet_catalog_strict_test.dart
BTN-0463,wallets,—,—,lib/ui/screens/wallets_screen.dart:348,onTap,onTap,تنقّل/فتح واجهة,A,مُصلَح,WP-10: اتساق المحافظ وإزالة القوالب النظامية المكرّرة,test/services/wallet_catalog_strict_test.dart
BTN-0464,wallets,ListTile,—,lib/ui/screens/wallets_screen.dart:353,ListTile,ListTile,حالة واجهة فقط,C,مُصلَح,WP-10: اتساق المحافظ وإزالة القوالب النظامية المكرّرة,test/services/wallet_catalog_strict_test.dart
BTN-0465,wallets,—,—,lib/ui/screens/wallets_screen.dart:356,onTap,onTap,تنقّل/فتح واجهة,A,مُصلَح,WP-10: اتساق المحافظ وإزالة القوالب النظامية المكرّرة,test/services/wallet_catalog_strict_test.dart
BTN-0466,wallets,ListTile,—,lib/ui/screens/wallets_screen.dart:365,ListTile,ListTile,حالة واجهة فقط,C,مُصلَح,WP-10: اتساق المحافظ وإزالة القوالب النظامية المكرّرة,test/services/wallet_catalog_strict_test.dart
BTN-0467,wallets,—,—,lib/ui/screens/wallets_screen.dart:377,onTap,onTap,تنقّل/فتح واجهة,A,مُصلَح,WP-10: اتساق المحافظ وإزالة القوالب النظامية المكرّرة,test/services/wallet_catalog_strict_test.dart
BTN-0468,wallets,TextField,—,lib/ui/screens/wallets_screen.dart:436,TextField,TextField,حالة واجهة فقط,C,مُصلَح,WP-10: اتساق المحافظ وإزالة القوالب النظامية المكرّرة,test/services/wallet_catalog_strict_test.dart
BTN-0469,wallets,—,—,lib/ui/screens/wallets_screen.dart:458,onPressed,onPressed,خدمة/مستودع (DB أو ملف أو Android),B,مُصلَح,WP-10: اتساق المحافظ وإزالة القوالب النظامية المكرّرة,test/services/wallet_catalog_strict_test.dart
BTN-0470,wallets,—,—,lib/ui/screens/wallets_screen.dart:479,onRefresh,onRefresh,خدمة/مستودع (DB أو ملف أو Android),B,مُصلَح,WP-10: اتساق المحافظ وإزالة القوالب النظامية المكرّرة,test/services/wallet_catalog_strict_test.dart
BTN-0471,wallets,IconButton,—,lib/ui/screens/wallets_screen.dart:503,IconButton,IconButton,حالة واجهة فقط,C,مُصلَح,WP-10: اتساق المحافظ وإزالة القوالب النظامية المكرّرة,test/services/wallet_catalog_strict_test.dart
BTN-0472,wallets,—,—,lib/ui/screens/wallets_screen.dart:509,onPressed,onPressed,خدمة/مستودع (DB أو ملف أو Android),B,مُصلَح,WP-10: اتساق المحافظ وإزالة القوالب النظامية المكرّرة,test/services/wallet_catalog_strict_test.dart
BTN-0473,wallets,—,—,lib/ui/screens/wallets_screen.dart:514,onChanged,onChanged,خدمة/مستودع (DB أو ملف أو Android),B,مُصلَح,WP-10: اتساق المحافظ وإزالة القوالب النظامية المكرّرة,test/services/wallet_catalog_strict_test.dart
BTN-0474,backup_restore,TextButton,إلغاء,lib/ui/screens/settings/backup_restore_screen.dart:173,إلغاء,onPressed,تنقّل/فتح واجهة,A,مُصلَح,WP-4: نسخة ظاهرة في Download/Krotak Pro + استعادة,test/widget/backup_visible_copy_test.dart
BTN-0475,backup_restore,FilledButton,استعادة,lib/ui/screens/settings/backup_restore_screen.dart:174,استعادة,onPressed,تنقّل/فتح واجهة,A,مُصلَح,WP-4: نسخة ظاهرة في Download/Krotak Pro + استعادة,test/widget/backup_visible_copy_test.dart
BTN-0476,backup_restore,TextFormField,—,lib/ui/screens/settings/backup_restore_screen.dart:273,TextFormField,TextFormField,حالة واجهة فقط,C,مُصلَح,WP-4: نسخة ظاهرة في Download/Krotak Pro + استعادة,test/widget/backup_visible_copy_test.dart
BTN-0477,backup_restore,TextFormField,—,lib/ui/screens/settings/backup_restore_screen.dart:291,TextFormField,TextFormField,حالة واجهة فقط,C,مُصلَح,WP-4: نسخة ظاهرة في Download/Krotak Pro + استعادة,test/widget/backup_visible_copy_test.dart
BTN-0478,backup_restore,TextButton,إلغاء,lib/ui/screens/settings/backup_restore_screen.dart:309,إلغاء,onPressed,تنقّل/فتح واجهة,A,مُصلَح,WP-4: نسخة ظاهرة في Download/Krotak Pro + استعادة,test/widget/backup_visible_copy_test.dart
BTN-0479,backup_restore,FilledButton,—,lib/ui/screens/settings/backup_restore_screen.dart:310,FilledButton,FilledButton,حالة واجهة فقط,C,مُصلَح,WP-4: نسخة ظاهرة في Download/Krotak Pro + استعادة,test/widget/backup_visible_copy_test.dart
BTN-0480,backup_restore,—,—,lib/ui/screens/settings/backup_restore_screen.dart:311,onPressed,onPressed,تنقّل/فتح واجهة,A,مُصلَح,WP-4: نسخة ظاهرة في Download/Krotak Pro + استعادة,test/widget/backup_visible_copy_test.dart
BTN-0481,backup_restore,IconButton,—,lib/ui/screens/settings/backup_restore_screen.dart:340,IconButton,IconButton,حالة واجهة فقط,C,مُصلَح,WP-4: نسخة ظاهرة في Download/Krotak Pro + استعادة,test/widget/backup_visible_copy_test.dart
BTN-0482,backup_restore,—,—,lib/ui/screens/settings/backup_restore_screen.dart:342,onPressed,onPressed,تنقّل/فتح واجهة,A,مُصلَح,WP-4: نسخة ظاهرة في Download/Krotak Pro + استعادة,test/widget/backup_visible_copy_test.dart
BTN-0483,backup_restore,—,—,lib/ui/screens/settings/backup_restore_screen.dart:395,onPressed,onPressed,حالة واجهة فقط,C,مُصلَح,WP-4: نسخة ظاهرة في Download/Krotak Pro + استعادة,test/widget/backup_visible_copy_test.dart
BTN-0484,backup_restore,—,—,lib/ui/screens/settings/backup_restore_screen.dart:407,onPressed,onPressed,حالة واجهة فقط,C,مُصلَح,WP-4: نسخة ظاهرة في Download/Krotak Pro + استعادة,test/widget/backup_visible_copy_test.dart
BTN-0485,backup_restore,—,—,lib/ui/screens/settings/backup_restore_screen.dart:431,onPressed,onPressed,حالة واجهة فقط,C,يحتاج جهاز,WP-4: مشاركة ملف النسخة عبر ورقة مشاركة النظام,test/widget/backup_visible_copy_test.dart
BTN-0486,backup_restore,—,—,lib/ui/screens/settings/backup_restore_screen.dart:470,onTap,onTap,خدمة/مستودع (DB أو ملف أو Android),B,مُصلَح,WP-4: نسخة ظاهرة في Download/Krotak Pro + استعادة,test/widget/backup_visible_copy_test.dart
BTN-0487,battery_settings,ListTile,—,lib/ui/screens/settings/battery_settings_screen.dart:77,ListTile,ListTile,حالة واجهة فقط,C,يعمل,,
BTN-0488,battery_settings,IconButton,—,lib/ui/screens/settings/battery_settings_screen.dart:110,IconButton,IconButton,حالة واجهة فقط,C,يعمل,,
BTN-0489,battery_settings,—,—,lib/ui/screens/settings/battery_settings_screen.dart:112,onPressed,onPressed,حالة واجهة فقط,C,يعمل,,
BTN-0490,battery_settings,—,—,lib/ui/screens/settings/battery_settings_screen.dart:154,onPressed,onPressed,خدمة/مستودع (DB أو ملف أو Android),B,يعمل,,
BTN-0491,battery_settings,—,—,lib/ui/screens/settings/battery_settings_screen.dart:166,onPressed,onPressed,خدمة/مستودع (DB أو ملف أو Android),B,يعمل,,
BTN-0492,battery_settings,—,—,lib/ui/screens/settings/battery_settings_screen.dart:176,onPressed,onPressed,خدمة/مستودع (DB أو ملف أو Android),B,يعمل,,
BTN-0493,battery_settings,—,—,lib/ui/screens/settings/battery_settings_screen.dart:246,onChanged,onChanged,حالة واجهة فقط,C,يعمل,,
BTN-0494,battery_settings,FilledButton,—,lib/ui/screens/settings/battery_settings_screen.dart:250,FilledButton,FilledButton,حالة واجهة فقط,C,يعمل,,
BTN-0495,battery_settings,—,—,lib/ui/screens/settings/battery_settings_screen.dart:251,onPressed,onPressed,حالة واجهة فقط,C,يعمل,,
BTN-0496,blocked_numbers,TextField,—,lib/ui/screens/settings/blocked_numbers_screen.dart:109,TextField,TextField,حالة واجهة فقط,C,يعمل,,
BTN-0497,blocked_numbers,—,—,lib/ui/screens/settings/blocked_numbers_screen.dart:119,onSubmitted,onSubmitted,خدمة/مستودع (DB أو ملف أو Android),B,يعمل,,
BTN-0498,blocked_numbers,FilledButton,—,lib/ui/screens/settings/blocked_numbers_screen.dart:123,FilledButton,FilledButton,حالة واجهة فقط,C,يعمل,,
BTN-0499,blocked_numbers,—,—,lib/ui/screens/settings/blocked_numbers_screen.dart:124,onPressed,onPressed,حالة واجهة فقط,C,يعمل,,
BTN-0500,blocked_numbers,ListTile,—,lib/ui/screens/settings/blocked_numbers_screen.dart:144,ListTile,ListTile,حالة واجهة فقط,C,يعمل,,
BTN-0501,blocked_numbers,IconButton,—,lib/ui/screens/settings/blocked_numbers_screen.dart:149,IconButton,IconButton,حالة واجهة فقط,C,يعمل,,
BTN-0502,blocked_numbers,—,—,lib/ui/screens/settings/blocked_numbers_screen.dart:152,onPressed,onPressed,خدمة/مستودع (DB أو ملف أو Android),B,يعمل,,
BTN-0503,commission_billing,IconButton,—,lib/ui/screens/settings/commission_billing_screen.dart:124,IconButton,IconButton,حالة واجهة فقط,C,يعمل,,
BTN-0504,commission_billing,—,—,lib/ui/screens/settings/commission_billing_screen.dart:126,onPressed,onPressed,خدمة/مستودع (DB أو ملف أو Android),B,يعمل,,
BTN-0505,device_verification,TextField,—,lib/ui/screens/settings/device_verification_screen.dart:114,TextField,TextField,حالة واجهة فقط,C,مُصلَح,WP-9: تشخيص الخلفية وأسباب الإنهاء بالعربية,test/domain/background_diagnostics_test.dart
BTN-0506,device_verification,TextButton,إلغاء,lib/ui/screens/settings/device_verification_screen.dart:122,إلغاء,onPressed,تنقّل/فتح واجهة,A,مُصلَح,WP-9: تشخيص الخلفية وأسباب الإنهاء بالعربية,test/domain/background_diagnostics_test.dart
BTN-0507,device_verification,TextButton,—,lib/ui/screens/settings/device_verification_screen.dart:123,TextButton,TextButton,حالة واجهة فقط,C,مُصلَح,WP-9: تشخيص الخلفية وأسباب الإنهاء بالعربية,test/domain/background_diagnostics_test.dart
BTN-0508,device_verification,—,—,lib/ui/screens/settings/device_verification_screen.dart:124,onPressed,onPressed,تنقّل/فتح واجهة,A,مُصلَح,WP-9: تشخيص الخلفية وأسباب الإنهاء بالعربية,test/domain/background_diagnostics_test.dart
BTN-0509,device_verification,IconButton,—,lib/ui/screens/settings/device_verification_screen.dart:142,IconButton,IconButton,حالة واجهة فقط,C,مُصلَح,WP-9: تشخيص الخلفية وأسباب الإنهاء بالعربية,test/domain/background_diagnostics_test.dart
BTN-0510,device_verification,—,—,lib/ui/screens/settings/device_verification_screen.dart:144,onPressed,onPressed,حالة واجهة فقط,C,مُصلَح,WP-9: تشخيص الخلفية وأسباب الإنهاء بالعربية,test/domain/background_diagnostics_test.dart
BTN-0511,device_verification,—,—,lib/ui/screens/settings/device_verification_screen.dart:477,onPressed,onPressed,خدمة/مستودع (DB أو ملف أو Android),B,مُصلَح,WP-9: تشخيص الخلفية وأسباب الإنهاء بالعربية,test/domain/background_diagnostics_test.dart
BTN-0512,device_verification,—,—,lib/ui/screens/settings/device_verification_screen.dart:482,onPressed,onPressed,خدمة/مستودع (DB أو ملف أو Android),B,مُصلَح,WP-9: تشخيص الخلفية وأسباب الإنهاء بالعربية,test/domain/background_diagnostics_test.dart
BTN-0513,device_verification,—,—,lib/ui/screens/settings/device_verification_screen.dart:487,onPressed,onPressed,خدمة/مستودع (DB أو ملف أو Android),B,مُصلَح,WP-9: تشخيص الخلفية وأسباب الإنهاء بالعربية,test/domain/background_diagnostics_test.dart
BTN-0514,low_stock_settings,TextButton,—,lib/ui/screens/settings/low_stock_settings_screen.dart:145,TextButton,TextButton,حالة واجهة فقط,C,يعمل,,
BTN-0515,low_stock_settings,—,—,lib/ui/screens/settings/low_stock_settings_screen.dart:146,onPressed,onPressed,خدمة/مستودع (DB أو ملف أو Android),B,يعمل,,
BTN-0516,low_stock_settings,TextField,—,lib/ui/screens/settings/low_stock_settings_screen.dart:158,TextField,TextField,حالة واجهة فقط,C,يعمل,,
BTN-0517,low_stock_settings,FilledButton,—,lib/ui/screens/settings/low_stock_settings_screen.dart:168,FilledButton,FilledButton,حالة واجهة فقط,C,يعمل,,
BTN-0518,low_stock_settings,—,—,lib/ui/screens/settings/low_stock_settings_screen.dart:169,onPressed,onPressed,حالة واجهة فقط,C,يعمل,,
BTN-0519,maintenance_hub,TextButton,—,lib/ui/screens/settings/maintenance_hub_screen.dart:124,TextButton,TextButton,حالة واجهة فقط,C,مُصلَح,WP-3: بطاقة صيانة موحّدة (تنظيف سجلات/تنظيف عميق/تصدير),test/widget/maintenance_hub_screen_test.dart
BTN-0520,maintenance_hub,—,—,lib/ui/screens/settings/maintenance_hub_screen.dart:125,onPressed,onPressed,تنقّل/فتح واجهة,A,مُصلَح,WP-3: بطاقة صيانة موحّدة (تنظيف سجلات/تنظيف عميق/تصدير),test/widget/maintenance_hub_screen_test.dart
BTN-0521,maintenance_hub,FilledButton,—,lib/ui/screens/settings/maintenance_hub_screen.dart:128,FilledButton,FilledButton,حالة واجهة فقط,C,مُصلَح,WP-3: بطاقة صيانة موحّدة (تنظيف سجلات/تنظيف عميق/تصدير),test/widget/maintenance_hub_screen_test.dart
BTN-0522,maintenance_hub,—,—,lib/ui/screens/settings/maintenance_hub_screen.dart:129,onPressed,onPressed,تنقّل/فتح واجهة,A,مُصلَح,WP-3: بطاقة صيانة موحّدة (تنظيف سجلات/تنظيف عميق/تصدير),test/widget/maintenance_hub_screen_test.dart
BTN-0523,maintenance_hub,—,—,lib/ui/screens/settings/maintenance_hub_screen.dart:313,onPressed,onPressed,خدمة/مستودع (DB أو ملف أو Android),B,مُصلَح,WP-3: بطاقة صيانة موحّدة (تنظيف سجلات/تنظيف عميق/تصدير),test/widget/maintenance_hub_screen_test.dart
BTN-0524,maintenance_hub,—,—,lib/ui/screens/settings/maintenance_hub_screen.dart:321,onPressed,onPressed,خدمة/مستودع (DB أو ملف أو Android),B,مُصلَح,WP-3: بطاقة صيانة موحّدة (تنظيف سجلات/تنظيف عميق/تصدير),test/widget/maintenance_hub_screen_test.dart
BTN-0525,maintenance_hub,—,—,lib/ui/screens/settings/maintenance_hub_screen.dart:337,onPressed,onPressed,خدمة/مستودع (DB أو ملف أو Android),B,مُصلَح,WP-3: بطاقة صيانة موحّدة (تنظيف سجلات/تنظيف عميق/تصدير),test/widget/maintenance_hub_screen_test.dart
BTN-0526,maintenance_hub,—,—,lib/ui/screens/settings/maintenance_hub_screen.dart:364,onPressed,onPressed,خدمة/مستودع (DB أو ملف أو Android),B,مُصلَح,WP-3: تصدير CSV فعلي إلى مجلد التنزيلات (Exports),test/widget/maintenance_hub_screen_test.dart
BTN-0527,maintenance_hub,—,—,lib/ui/screens/settings/maintenance_hub_screen.dart:372,onPressed,onPressed,خدمة/مستودع (DB أو ملف أو Android),B,مُصلَح,WP-3: بطاقة صيانة موحّدة (تنظيف سجلات/تنظيف عميق/تصدير),test/widget/maintenance_hub_screen_test.dart
BTN-0528,maintenance_hub,—,—,lib/ui/screens/settings/maintenance_hub_screen.dart:473,onPressed,onPressed,حالة واجهة فقط,C,مُصلَح,WP-3: بطاقة صيانة موحّدة (تنظيف سجلات/تنظيف عميق/تصدير),test/widget/maintenance_hub_screen_test.dart
BTN-0529,network_name_settings,TextField,—,lib/ui/screens/settings/network_name_settings_screen.dart:112,TextField,TextField,حالة واجهة فقط,C,يعمل,,
BTN-0530,network_name_settings,—,—,lib/ui/screens/settings/network_name_settings_screen.dart:117,onSubmitted,onSubmitted,خدمة/مستودع (DB أو ملف أو Android),B,يعمل,,
BTN-0531,network_name_settings,FilledButton,—,lib/ui/screens/settings/network_name_settings_screen.dart:132,FilledButton,FilledButton,حالة واجهة فقط,C,يعمل,,
BTN-0532,network_name_settings,—,—,lib/ui/screens/settings/network_name_settings_screen.dart:133,onPressed,onPressed,حالة واجهة فقط,C,يعمل,,
BTN-0533,outbound_message_templates,—,—,lib/ui/screens/settings/outbound_message_templates_screen.dart:396,onPressed,onPressed,تنقّل/فتح واجهة,A,مُصلَح,WP-6: سجل متغيرات واحد بلا تكرار ولا أكواد لاتينية,test/services/template_variable_registry_test.dart
BTN-0534,outbound_message_templates,—,—,lib/ui/screens/settings/outbound_message_templates_screen.dart:582,onChanged,onChanged,خدمة/مستودع (DB أو ملف أو Android),B,مُصلَح,WP-6: سجل متغيرات واحد بلا تكرار ولا أكواد لاتينية,test/services/template_variable_registry_test.dart
BTN-0535,outbound_message_templates,—,—,lib/ui/screens/settings/outbound_message_templates_screen.dart:600,onChanged,onChanged,خدمة/مستودع (DB أو ملف أو Android),B,مُصلَح,WP-6: سجل متغيرات واحد بلا تكرار ولا أكواد لاتينية,test/services/template_variable_registry_test.dart
BTN-0536,outbound_message_templates,SwitchListTile,—,lib/ui/screens/settings/outbound_message_templates_screen.dart:602,SwitchListTile,SwitchListTile,حالة واجهة فقط,C,مُصلَح,WP-6: سجل متغيرات واحد بلا تكرار ولا أكواد لاتينية,test/services/template_variable_registry_test.dart
BTN-0537,outbound_message_templates,—,—,lib/ui/screens/settings/outbound_message_templates_screen.dart:605,onChanged,onChanged,خدمة/مستودع (DB أو ملف أو Android),B,مُصلَح,WP-6: سجل متغيرات واحد بلا تكرار ولا أكواد لاتينية,test/services/template_variable_registry_test.dart
BTN-0538,outbound_message_templates,TextField,—,lib/ui/screens/settings/outbound_message_templates_screen.dart:610,TextField,TextField,حالة واجهة فقط,C,مُصلَح,WP-6: سجل متغيرات واحد بلا تكرار ولا أكواد لاتينية,test/services/template_variable_registry_test.dart
BTN-0539,outbound_message_templates,TextField,—,lib/ui/screens/settings/outbound_message_templates_screen.dart:612,TextField,onChanged,خدمة/مستودع (DB أو ملف أو Android),B,مُصلَح,WP-6: سجل متغيرات واحد بلا تكرار ولا أكواد لاتينية,test/services/template_variable_registry_test.dart
BTN-0540,outbound_message_templates,—,—,lib/ui/screens/settings/outbound_message_templates_screen.dart:626,onPressed,onPressed,خدمة/مستودع (DB أو ملف أو Android),B,مُصلَح,WP-6: سجل متغيرات واحد بلا تكرار ولا أكواد لاتينية,test/services/template_variable_registry_test.dart
BTN-0541,outbound_message_templates,TextButton,إلغاء,lib/ui/screens/settings/outbound_message_templates_screen.dart:657,إلغاء,onPressed,تنقّل/فتح واجهة,A,مُصلَح,WP-6: سجل متغيرات واحد بلا تكرار ولا أكواد لاتينية,test/services/template_variable_registry_test.dart
BTN-0542,outbound_message_templates,FilledButton,—,lib/ui/screens/settings/outbound_message_templates_screen.dart:658,FilledButton,onPressed,تنقّل/فتح واجهة,A,مُصلَح,WP-6: سجل متغيرات واحد بلا تكرار ولا أكواد لاتينية,test/services/template_variable_registry_test.dart
BTN-0543,outbound_message_templates,TextButton,إلغاء,lib/ui/screens/settings/outbound_message_templates_screen.dart:696,إلغاء,onPressed,تنقّل/فتح واجهة,A,مُصلَح,WP-6: سجل متغيرات واحد بلا تكرار ولا أكواد لاتينية,test/services/template_variable_registry_test.dart
BTN-0544,outbound_message_templates,FilledButton,بدء الإصلاح,lib/ui/screens/settings/outbound_message_templates_screen.dart:697,بدء الإصلاح,onPressed,تنقّل/فتح واجهة,A,مُصلَح,WP-6: سجل متغيرات واحد بلا تكرار ولا أكواد لاتينية,test/services/template_variable_registry_test.dart
BTN-0545,outbound_message_templates,ListTile,تعديل القالب,lib/ui/screens/settings/outbound_message_templates_screen.dart:716,تعديل القالب,onTap,تنقّل/فتح واجهة,A,مُصلَح,WP-6: سجل متغيرات واحد بلا تكرار ولا أكواد لاتينية,test/services/template_variable_registry_test.dart
BTN-0546,outbound_message_templates,ListTile,—,lib/ui/screens/settings/outbound_message_templates_screen.dart:718,ListTile,onTap,تنقّل/فتح واجهة,A,مُصلَح,WP-6: سجل متغيرات واحد بلا تكرار ولا أكواد لاتينية,test/services/template_variable_registry_test.dart
BTN-0547,outbound_message_templates,ListTile,تغيير القالب الذي يستبدله,lib/ui/screens/settings/outbound_message_templates_screen.dart:720,تغيير القالب الذي يستبدله,onTap,تنقّل/فتح واجهة,A,مُصلَح,WP-6: سجل متغيرات واحد بلا تكرار ولا أكواد لاتينية,test/services/template_variable_registry_test.dart
BTN-0548,outbound_message_templates,ListTile,استعادة الافتراضي,lib/ui/screens/settings/outbound_message_templates_screen.dart:722,استعادة الافتراضي,onTap,تنقّل/فتح واجهة,A,مُصلَح,WP-6: سجل متغيرات واحد بلا تكرار ولا أكواد لاتينية,test/services/template_variable_registry_test.dart
BTN-0549,outbound_message_templates,ListTile,حذف القالب,lib/ui/screens/settings/outbound_message_templates_screen.dart:724,حذف القالب,onTap,تنقّل/فتح واجهة,A,مُصلَح,WP-6: سجل متغيرات واحد بلا تكرار ولا أكواد لاتينية,test/services/template_variable_registry_test.dart
BTN-0550,outbound_message_templates,InkWell,—,lib/ui/screens/settings/outbound_message_templates_screen.dart:779,InkWell,onTap,خدمة/مستودع (DB أو ملف أو Android),B,مُصلَح,WP-6: سجل متغيرات واحد بلا تكرار ولا أكواد لاتينية,test/services/template_variable_registry_test.dart
BTN-0551,outbound_message_templates,IconButton,icon:Icons.more_vert_rounded,lib/ui/screens/settings/outbound_message_templates_screen.dart:784,icon:Icons.more_vert_rounded,onPressed,خدمة/مستودع (DB أو ملف أو Android),B,مُصلَح,WP-6: سجل متغيرات واحد بلا تكرار ولا أكواد لاتينية,test/services/template_variable_registry_test.dart
BTN-0552,outbound_message_templates,InkWell,—,lib/ui/screens/settings/outbound_message_templates_screen.dart:806,InkWell,InkWell,حالة واجهة فقط,C,مُصلَح,WP-6: سجل متغيرات واحد بلا تكرار ولا أكواد لاتينية,test/services/template_variable_registry_test.dart
BTN-0553,outbound_message_templates,—,—,lib/ui/screens/settings/outbound_message_templates_screen.dart:808,onTap,onTap,خدمة/مستودع (DB أو ملف أو Android),B,مُصلَح,WP-6: سجل متغيرات واحد بلا تكرار ولا أكواد لاتينية,test/services/template_variable_registry_test.dart
BTN-0554,outbound_message_templates,IconButton,إصلاح القوالب,lib/ui/screens/settings/outbound_message_templates_screen.dart:866,إصلاح القوالب,onPressed,خدمة/مستودع (DB أو ملف أو Android),B,مُصلَح,WP-6: سجل متغيرات واحد بلا تكرار ولا أكواد لاتينية,test/services/template_variable_registry_test.dart
BTN-0555,outbound_message_templates,Tab,—,lib/ui/screens/settings/outbound_message_templates_screen.dart:874,Tab,Tab,حالة واجهة فقط,C,مُصلَح,WP-6: سجل متغيرات واحد بلا تكرار ولا أكواد لاتينية,test/services/template_variable_registry_test.dart
BTN-0556,outbound_message_templates,—,قالب جديد,lib/ui/screens/settings/outbound_message_templates_screen.dart:878,قالب جديد,onPressed,خدمة/مستودع (DB أو ملف أو Android),B,مُصلَح,WP-6: سجل متغيرات واحد بلا تكرار ولا أكواد لاتينية,test/services/template_variable_registry_test.dart
BTN-0557,outbound_message_templates,TextField,—,lib/ui/screens/settings/outbound_message_templates_screen.dart:885,TextField,TextField,حالة واجهة فقط,C,مُصلَح,WP-6: سجل متغيرات واحد بلا تكرار ولا أكواد لاتينية,test/services/template_variable_registry_test.dart
BTN-0558,outbound_message_templates,IconButton,—,lib/ui/screens/settings/outbound_message_templates_screen.dart:894,IconButton,IconButton,حالة واجهة فقط,C,مُصلَح,WP-6: سجل متغيرات واحد بلا تكرار ولا أكواد لاتينية,test/services/template_variable_registry_test.dart
BTN-0559,outbound_message_templates,—,—,lib/ui/screens/settings/outbound_message_templates_screen.dart:897,onPressed,onPressed,خدمة/مستودع (DB أو ملف أو Android),B,مُصلَح,WP-6: سجل متغيرات واحد بلا تكرار ولا أكواد لاتينية,test/services/template_variable_registry_test.dart
BTN-0560,promotion_reward_template,TextField,—,lib/ui/screens/settings/promotion_reward_template_screen.dart:91,TextField,TextField,حالة واجهة فقط,C,يعمل,,
BTN-0561,promotion_reward_template,—,—,lib/ui/screens/settings/promotion_reward_template_screen.dart:102,onPressed,onPressed,خدمة/مستودع (DB أو ملف أو Android),B,يعمل,,
BTN-0562,renew_subscription,FilledButton,—,lib/ui/screens/settings/renew_subscription_screen.dart:114,FilledButton,FilledButton,حالة واجهة فقط,C,يعمل,,
BTN-0563,renew_subscription,—,—,lib/ui/screens/settings/renew_subscription_screen.dart:115,onPressed,onPressed,خدمة/مستودع (DB أو ملف أو Android),B,يعمل,,
BTN-0564,renew_subscription,OutlinedButton,—,lib/ui/screens/settings/renew_subscription_screen.dart:119,OutlinedButton,OutlinedButton,حالة واجهة فقط,C,يعمل,,
BTN-0565,renew_subscription,—,—,lib/ui/screens/settings/renew_subscription_screen.dart:120,onPressed,onPressed,خدمة/مستودع (DB أو ملف أو Android),B,يعمل,,
BTN-0566,settings_hub,TextField,—,lib/ui/screens/settings/settings_hub_screen.dart:108,TextField,TextField,حالة واجهة فقط,C,يعمل,,
BTN-0567,settings_hub,—,—,lib/ui/screens/settings/settings_hub_screen.dart:110,onChanged,onChanged,حالة واجهة فقط,C,يعمل,,
BTN-0568,settings_hub,IconButton,—,lib/ui/screens/settings/settings_hub_screen.dart:118,IconButton,IconButton,حالة واجهة فقط,C,يعمل,,
BTN-0569,settings_hub,—,—,lib/ui/screens/settings/settings_hub_screen.dart:121,onPressed,onPressed,حالة واجهة فقط,C,يعمل,,
BTN-0570,settings_hub,TextField,—,lib/ui/screens/settings/settings_hub_screen.dart:190,TextField,TextField,حالة واجهة فقط,C,يعمل,,
BTN-0571,settings_hub,TextButton,إلغاء,lib/ui/screens/settings/settings_hub_screen.dart:197,إلغاء,onPressed,تنقّل/فتح واجهة,A,يعمل,,
BTN-0572,settings_hub,FilledButton,—,lib/ui/screens/settings/settings_hub_screen.dart:198,FilledButton,FilledButton,حالة واجهة فقط,C,يعمل,,
BTN-0573,settings_hub,—,—,lib/ui/screens/settings/settings_hub_screen.dart:199,onPressed,onPressed,تنقّل/فتح واجهة,A,يعمل,,
BTN-0574,settings_hub,TextButton,—,lib/ui/screens/settings/settings_hub_screen.dart:268,TextButton,TextButton,حالة واجهة فقط,C,يعمل,,
BTN-0575,settings_hub,—,—,lib/ui/screens/settings/settings_hub_screen.dart:269,onPressed,onPressed,تنقّل/فتح واجهة,A,يعمل,,
BTN-0576,settings_hub,FilledButton,—,lib/ui/screens/settings/settings_hub_screen.dart:272,FilledButton,FilledButton,حالة واجهة فقط,C,يعمل,,
BTN-0577,settings_hub,—,—,lib/ui/screens/settings/settings_hub_screen.dart:273,onPressed,onPressed,تنقّل/فتح واجهة,A,يعمل,,
BTN-0578,settings_hub,—,—,lib/ui/screens/settings/settings_hub_screen.dart:304,onRefresh,onRefresh,خدمة/مستودع (DB أو ملف أو Android),B,يعمل,,
BTN-0579,settings_hub,—,—,lib/ui/screens/settings/settings_hub_screen.dart:324,onChanged,onChanged,حالة واجهة فقط,C,يعمل,,
BTN-0580,settings_hub,—,معالجة مبالغ الفئات فقط,lib/ui/screens/settings/settings_hub_screen.dart:325,معالجة مبالغ الفئات فقط,onChanged,حالة واجهة فقط,C,يعمل,,
BTN-0581,settings_hub,—,معالجة الرسائل القديمة (عند التوقف),lib/ui/screens/settings/settings_hub_screen.dart:326,معالجة الرسائل القديمة (عند التوقف),onChanged,حالة واجهة فقط,C,يعمل,,
BTN-0582,settings_hub,—,تنبيه العمليات التي تتطلب تدخلاً,lib/ui/screens/settings/settings_hub_screen.dart:327,تنبيه العمليات التي تتطلب تدخلاً,onChanged,حالة واجهة فقط,C,يعمل,,
BTN-0583,settings_hub,SettingsGroupNavRow,تنبيهات انخفاض مخزون الكروت,lib/ui/screens/settings/settings_hub_screen.dart:328,تنبيهات انخفاض مخزون الكروت,onTap,حالة واجهة فقط,C,يعمل,,
BTN-0584,settings_hub,SettingsGroupNavRow,شرائح الاتصال,lib/ui/screens/settings/settings_hub_screen.dart:329,شرائح الاتصال,onTap,تنقّل/فتح واجهة,A,يعمل,,
BTN-0585,settings_hub,SettingsGroupNavRow,فحص النظام,lib/ui/screens/settings/settings_hub_screen.dart:330,فحص النظام,onTap,تنقّل/فتح واجهة,A,يعمل,,
BTN-0586,settings_hub,SettingsGroupNavRow,قوالب الرسائل,lib/ui/screens/settings/settings_hub_screen.dart:335,قوالب الرسائل,onTap,خدمة/مستودع (DB أو ملف أو Android),B,يعمل,,
BTN-0587,settings_hub,SettingsGroupNavRow,محاكاة القوالب,lib/ui/screens/settings/settings_hub_screen.dart:336,محاكاة القوالب,onTap,تنقّل/فتح واجهة,A,يعمل,,
BTN-0588,settings_hub,—,خدمة سلفني,lib/ui/screens/settings/settings_hub_screen.dart:337,خدمة سلفني,onChanged,حالة واجهة فقط,C,يعمل,,
BTN-0589,settings_hub,SettingsGroupNavRow,إدارة المحافظ,lib/ui/screens/settings/settings_hub_screen.dart:342,إدارة المحافظ,onTap,تنقّل/فتح واجهة,A,يعمل,,
BTN-0590,settings_hub,SettingsGroupNavRow,نقاط البيع,lib/ui/screens/settings/settings_hub_screen.dart:343,نقاط البيع,onTap,تنقّل/فتح واجهة,A,يعمل,,
BTN-0591,settings_hub,SettingsGroupNavRow,إشعارات المحافظ,lib/ui/screens/settings/settings_hub_screen.dart:344,إشعارات المحافظ,onTap,خدمة/مستودع (DB أو ملف أو Android),B,يعمل,,
BTN-0592,settings_hub,—,طلبات رصيد نقاط البيع,lib/ui/screens/settings/settings_hub_screen.dart:345,طلبات رصيد نقاط البيع,onChanged,حالة واجهة فقط,C,يعمل,,
BTN-0593,settings_hub,SettingsGroupNavRow,الحد اليومي لطلبات رصيد نقاط البيع,lib/ui/screens/settings/settings_hub_screen.dart:346,الحد اليومي لطلبات رصيد نقاط البيع,onTap,حالة واجهة فقط,C,يعمل,,
BTN-0594,settings_hub,—,ملخص العمليات اليومي,lib/ui/screens/settings/settings_hub_screen.dart:347,ملخص العمليات اليومي,onChanged,حالة واجهة فقط,C,يعمل,,
BTN-0595,settings_hub,—,التسوية التلقائية,lib/ui/screens/settings/settings_hub_screen.dart:348,التسوية التلقائية,onChanged,حالة واجهة فقط,C,يعمل,,
BTN-0596,settings_hub,SettingsGroupNavRow,الوضع الداكن,lib/ui/screens/settings/settings_hub_screen.dart:353,الوضع الداكن,onTap,حالة واجهة فقط,C,يعمل,,
BTN-0597,settings_hub,SettingsGroupNavRow,—,lib/ui/screens/settings/settings_hub_screen.dart:358,SettingsGroupNavRow,SettingsGroupNavRow,حالة واجهة فقط,C,يعمل,,
BTN-0598,settings_hub,—,—,lib/ui/screens/settings/settings_hub_screen.dart:363,onTap,onTap,تنقّل/فتح واجهة,A,يعمل,,
BTN-0599,settings_hub,SettingsGroupNavRow,الصيانة والتنظيف والتصدير,lib/ui/screens/settings/settings_hub_screen.dart:365,الصيانة والتنظيف والتصدير,onTap,تنقّل/فتح واجهة,A,يعمل,,
BTN-0600,settings_hub,IconButton,icon:Icons.arrow_forward_rounded,lib/ui/screens/settings/settings_hub_screen.dart:393,icon:Icons.arrow_forward_rounded,onPressed,خدمة/مستودع (DB أو ملف أو Android),B,يعمل,,
BTN-0601,sim_settings,—,—,lib/ui/screens/settings/sim_settings_screen.dart:173,onChanged,onChanged,حالة واجهة فقط,C,يعمل,,
BTN-0602,sim_settings,—,—,lib/ui/screens/settings/sim_settings_screen.dart:193,onChanged,onChanged,حالة واجهة فقط,C,يعمل,,
BTN-0603,sim_settings,—,—,lib/ui/screens/settings/sim_settings_screen.dart:212,onChanged,onChanged,حالة واجهة فقط,C,يعمل,,
BTN-0604,sim_settings,—,—,lib/ui/screens/settings/sim_settings_screen.dart:227,onChanged,onChanged,حالة واجهة فقط,C,يعمل,,
BTN-0605,sim_settings,FilledButton,—,lib/ui/screens/settings/sim_settings_screen.dart:232,FilledButton,FilledButton,حالة واجهة فقط,C,يعمل,,
BTN-0606,sim_settings,—,—,lib/ui/screens/settings/sim_settings_screen.dart:236,onPressed,onPressed,حالة واجهة فقط,C,يعمل,,
BTN-0607,template_performance,—,—,lib/ui/screens/settings/template_performance_screen.dart:69,onRefresh,onRefresh,خدمة/مستودع (DB أو ملف أو Android),B,يعمل,,
BTN-0608,template_performance,ListTile,—,lib/ui/screens/settings/template_performance_screen.dart:107,ListTile,ListTile,حالة واجهة فقط,C,يعمل,,
BTN-0609,template_simulation,TextField,—,lib/ui/screens/settings/template_simulation_screen.dart:139,TextField,TextField,حالة واجهة فقط,C,يعمل,,
BTN-0610,template_simulation,—,—,lib/ui/screens/settings/template_simulation_screen.dart:159,onChanged,onChanged,حالة واجهة فقط,C,يعمل,,
BTN-0611,template_simulation,—,—,lib/ui/screens/settings/template_simulation_screen.dart:166,onPressed,onPressed,خدمة/مستودع (DB أو ملف أو Android),B,يعمل,,
BTN-0612,template_simulation,—,—,lib/ui/screens/settings/template_simulation_screen.dart:175,onPressed,onPressed,حالة واجهة فقط,C,يعمل,,
BTN-0613,template_wizard,—,—,lib/ui/screens/settings/template_wizard_screen.dart:355,onPressed,onPressed,حالة واجهة فقط,C,يعمل,,
BTN-0614,template_wizard,IconButton,—,lib/ui/screens/settings/template_wizard_screen.dart:411,IconButton,IconButton,حالة واجهة فقط,C,يعمل,,
BTN-0615,template_wizard,—,—,lib/ui/screens/settings/template_wizard_screen.dart:413,onPressed,onPressed,تنقّل/فتح واجهة,A,يعمل,,
BTN-0616,template_wizard,OutlinedButton,—,lib/ui/screens/settings/template_wizard_screen.dart:442,OutlinedButton,OutlinedButton,حالة واجهة فقط,C,يعمل,,
BTN-0617,template_wizard,—,—,lib/ui/screens/settings/template_wizard_screen.dart:443,onPressed,onPressed,حالة واجهة فقط,C,يعمل,,
BTN-0618,template_wizard,FilledButton,—,lib/ui/screens/settings/template_wizard_screen.dart:450,FilledButton,FilledButton,حالة واجهة فقط,C,يعمل,,
BTN-0619,template_wizard,—,—,lib/ui/screens/settings/template_wizard_screen.dart:451,onPressed,onPressed,حالة واجهة فقط,C,يعمل,,
BTN-0620,template_wizard,—,—,lib/ui/screens/settings/template_wizard_screen.dart:505,onChanged,onChanged,حالة واجهة فقط,C,يعمل,,
BTN-0621,template_wizard,—,—,lib/ui/screens/settings/template_wizard_screen.dart:526,onChanged,onChanged,حالة واجهة فقط,C,يعمل,,
BTN-0622,template_wizard,TextField,—,lib/ui/screens/settings/template_wizard_screen.dart:538,TextField,TextField,حالة واجهة فقط,C,يعمل,,
BTN-0623,template_wizard,TextField,—,lib/ui/screens/settings/template_wizard_screen.dart:545,TextField,TextField,حالة واجهة فقط,C,يعمل,,
BTN-0624,template_wizard,TextField,—,lib/ui/screens/settings/template_wizard_screen.dart:552,TextField,TextField,حالة واجهة فقط,C,يعمل,,
BTN-0625,template_wizard,—,—,lib/ui/screens/settings/template_wizard_screen.dart:557,onChanged,onChanged,حالة واجهة فقط,C,يعمل,,
BTN-0626,template_wizard,TextField,—,lib/ui/screens/settings/template_wizard_screen.dart:581,TextField,TextField,حالة واجهة فقط,C,يعمل,,
BTN-0627,template_wizard,TextField,—,lib/ui/screens/settings/template_wizard_screen.dart:588,TextField,TextField,حالة واجهة فقط,C,يعمل,,
BTN-0628,template_wizard,TextField,—,lib/ui/screens/settings/template_wizard_screen.dart:629,TextField,TextField,حالة واجهة فقط,C,يعمل,,
BTN-0629,template_wizard,—,—,lib/ui/screens/settings/template_wizard_screen.dart:691,onTap,onTap,خدمة/مستودع (DB أو ملف أو Android),B,يعمل,,
BTN-0630,template_wizard,InkWell,—,lib/ui/screens/settings/template_wizard_screen.dart:713,InkWell,InkWell,حالة واجهة فقط,C,يعمل,,
BTN-0631,template_wizard,—,—,lib/ui/screens/settings/template_wizard_screen.dart:715,onTap,onTap,خدمة/مستودع (DB أو ملف أو Android),B,يعمل,,
BTN-0632,template_wizard,TextField,—,lib/ui/screens/settings/template_wizard_screen.dart:942,TextField,TextField,حالة واجهة فقط,C,يعمل,,
BTN-0633,template_wizard,—,—,lib/ui/screens/settings/template_wizard_screen.dart:962,onChanged,onChanged,حالة واجهة فقط,C,يعمل,,
BTN-0634,template_wizard,InkWell,—,lib/ui/screens/settings/template_wizard_screen.dart:1094,InkWell,InkWell,حالة واجهة فقط,C,يعمل,,
BTN-0635,template_wizard,—,—,lib/ui/screens/settings/template_wizard_screen.dart:1095,onTap,onTap,خدمة/مستودع (DB أو ملف أو Android),B,يعمل,,
BTN-0636,template_wizard,InkWell,—,lib/ui/screens/settings/template_wizard_screen.dart:1152,InkWell,InkWell,حالة واجهة فقط,C,يعمل,,
BTN-0637,template_wizard,—,—,lib/ui/screens/settings/template_wizard_screen.dart:1154,onTap,onTap,حالة واجهة فقط,C,يعمل,,
BTN-0638,templates,TextButton,—,lib/ui/screens/settings/templates_screen.dart:179,TextButton,TextButton,حالة واجهة فقط,C,يعمل,,
BTN-0639,templates,—,—,lib/ui/screens/settings/templates_screen.dart:180,onPressed,onPressed,تنقّل/فتح واجهة,A,يعمل,,
BTN-0640,templates,FilledButton,—,lib/ui/screens/settings/templates_screen.dart:183,FilledButton,FilledButton,حالة واجهة فقط,C,يعمل,,
BTN-0641,templates,—,—,lib/ui/screens/settings/templates_screen.dart:184,onPressed,onPressed,تنقّل/فتح واجهة,A,يعمل,,
BTN-0642,templates,TextButton,—,lib/ui/screens/settings/templates_screen.dart:280,TextButton,TextButton,حالة واجهة فقط,C,يعمل,,
BTN-0643,templates,—,—,lib/ui/screens/settings/templates_screen.dart:281,onPressed,onPressed,تنقّل/فتح واجهة,A,يعمل,,
BTN-0644,templates,FilledButton,—,lib/ui/screens/settings/templates_screen.dart:284,FilledButton,FilledButton,حالة واجهة فقط,C,يعمل,,
BTN-0645,templates,—,—,lib/ui/screens/settings/templates_screen.dart:288,onPressed,onPressed,تنقّل/فتح واجهة,A,يعمل,,
BTN-0646,templates,—,—,lib/ui/screens/settings/templates_screen.dart:384,onPressed,onPressed,خدمة/مستودع (DB أو ملف أو Android),B,يعمل,,
BTN-0647,templates,ListTile,—,lib/ui/screens/settings/templates_screen.dart:421,ListTile,ListTile,حالة واجهة فقط,C,يعمل,,
BTN-0648,templates,—,—,lib/ui/screens/settings/templates_screen.dart:433,onTap,onTap,تنقّل/فتح واجهة,A,يعمل,,
BTN-0649,templates,ListTile,—,lib/ui/screens/settings/templates_screen.dart:438,ListTile,ListTile,حالة واجهة فقط,C,يعمل,,
BTN-0650,templates,—,—,lib/ui/screens/settings/templates_screen.dart:451,onTap,onTap,تنقّل/فتح واجهة,A,يعمل,,
BTN-0651,templates,IconButton,—,lib/ui/screens/settings/templates_screen.dart:483,IconButton,IconButton,حالة واجهة فقط,C,يعمل,,
BTN-0652,templates,—,—,lib/ui/screens/settings/templates_screen.dart:485,onPressed,onPressed,تنقّل/فتح واجهة,A,يعمل,,
BTN-0653,templates,—,—,lib/ui/screens/settings/templates_screen.dart:520,onSelected,onSelected,خدمة/مستودع (DB أو ملف أو Android),B,يعمل,,
BTN-0654,templates,PopupMenuItem,—,lib/ui/screens/settings/templates_screen.dart:522,PopupMenuItem,PopupMenuItem,حالة واجهة فقط,C,يعمل,,
BTN-0655,templates,ListTile,—,lib/ui/screens/settings/templates_screen.dart:524,ListTile,ListTile,حالة واجهة فقط,C,يعمل,,
BTN-0656,templates,PopupMenuItem,—,lib/ui/screens/settings/templates_screen.dart:531,PopupMenuItem,PopupMenuItem,حالة واجهة فقط,C,يعمل,,
BTN-0657,templates,ListTile,—,lib/ui/screens/settings/templates_screen.dart:533,ListTile,ListTile,حالة واجهة فقط,C,يعمل,,
BTN-0658,templates,IconButton,—,lib/ui/screens/settings/templates_screen.dart:542,IconButton,IconButton,حالة واجهة فقط,C,يعمل,,
BTN-0659,templates,—,—,lib/ui/screens/settings/templates_screen.dart:544,onPressed,onPressed,تنقّل/فتح واجهة,A,يعمل,,
BTN-0660,templates,—,—,lib/ui/screens/settings/templates_screen.dart:556,onPressed,onPressed,خدمة/مستودع (DB أو ملف أو Android),B,يعمل,,
BTN-0661,templates,—,—,lib/ui/screens/settings/templates_screen.dart:586,onRefresh,onRefresh,خدمة/مستودع (DB أو ملف أو Android),B,يعمل,,
BTN-0662,templates,IconButton,—,lib/ui/screens/settings/templates_screen.dart:655,IconButton,IconButton,حالة واجهة فقط,C,يعمل,,
BTN-0663,templates,—,—,lib/ui/screens/settings/templates_screen.dart:656,onPressed,onPressed,خدمة/مستودع (DB أو ملف أو Android),B,يعمل,,
BTN-0664,templates,Switch,—,lib/ui/screens/settings/templates_screen.dart:665,Switch,Switch,حالة واجهة فقط,C,يعمل,,
BTN-0665,templates,—,—,lib/ui/screens/settings/templates_screen.dart:667,onChanged,onChanged,حالة واجهة فقط,C,يعمل,,
BTN-0666,wallet_notification_settings,TextField,—,lib/ui/screens/settings/wallet_notification_settings_screen.dart:46,TextField,TextField,حالة واجهة فقط,C,يعمل,,
BTN-0667,wallet_notification_settings,TextField,com.example.wallet,lib/ui/screens/settings/wallet_notification_settings_screen.dart:48,com.example.wallet,TextField,حالة واجهة فقط,C,يعمل,,
BTN-0668,wallet_notification_settings,TextButton,إلغاء,lib/ui/screens/settings/wallet_notification_settings_screen.dart:52,إلغاء,onPressed,تنقّل/فتح واجهة,A,يعمل,,
BTN-0669,wallet_notification_settings,TextButton,إلغاء,lib/ui/screens/settings/wallet_notification_settings_screen.dart:91,إلغاء,onPressed,تنقّل/فتح واجهة,A,يعمل,,
BTN-0670,wallet_notification_settings,TextButton,—,lib/ui/screens/settings/wallet_notification_settings_screen.dart:139,TextButton,TextButton,حالة واجهة فقط,C,يعمل,,
BTN-0671,wallet_notification_settings,—,—,lib/ui/screens/settings/wallet_notification_settings_screen.dart:140,onPressed,onPressed,حالة واجهة فقط,C,يعمل,,
BTN-0672,wallet_notification_settings,—,—,lib/ui/screens/settings/wallet_notification_settings_screen.dart:148,onRefresh,onRefresh,خدمة/مستودع (DB أو ملف أو Android),B,يعمل,,
BTN-0673,wallet_notification_settings,—,—,lib/ui/screens/settings/wallet_notification_settings_screen.dart:202,onPressed,onPressed,خدمة/مستودع (DB أو ملف أو Android),B,يعمل,,
BTN-0674,wallet_notification_settings,IconButton,—,lib/ui/screens/settings/wallet_notification_settings_screen.dart:221,IconButton,IconButton,حالة واجهة فقط,C,يعمل,,
BTN-0675,wallet_notification_settings,—,—,lib/ui/screens/settings/wallet_notification_settings_screen.dart:223,onPressed,onPressed,حالة واجهة فقط,C,يعمل,,
BTN-0676,wallet_notification_settings,ListTile,—,lib/ui/screens/settings/wallet_notification_settings_screen.dart:247,ListTile,ListTile,حالة واجهة فقط,C,يعمل,,
BTN-0677,wallet_notification_settings,—,—,lib/ui/screens/settings/wallet_notification_settings_screen.dart:278,onChanged,onChanged,خدمة/مستودع (DB أو ملف أو Android),B,يعمل,,
BTN-0678,wallet_notification_settings,IconButton,—,lib/ui/screens/settings/wallet_notification_settings_screen.dart:280,IconButton,IconButton,حالة واجهة فقط,C,يعمل,,
BTN-0679,wallet_notification_settings,—,—,lib/ui/screens/settings/wallet_notification_settings_screen.dart:282,onPressed,onPressed,خدمة/مستودع (DB أو ملف أو Android),B,يعمل,,
BTN-0680,messages_by_status,—,—,lib/ui/screens/reports/messages_by_status_screen.dart:83,onRefresh,onRefresh,خدمة/مستودع (DB أو ملف أو Android),B,يعمل,,
BTN-0681,pos_accounts_ledger,IconButton,—,lib/ui/screens/reports/pos_accounts_ledger_screen.dart:249,IconButton,IconButton,حالة واجهة فقط,C,يعمل,,
BTN-0682,pos_accounts_ledger,—,—,lib/ui/screens/reports/pos_accounts_ledger_screen.dart:251,onPressed,onPressed,حالة واجهة فقط,C,يعمل,,
BTN-0683,pos_accounts_ledger,—,—,lib/ui/screens/reports/pos_accounts_ledger_screen.dart:264,onPressed,onPressed,خدمة/مستودع (DB أو ملف أو Android),B,يعمل,,
BTN-0684,pos_accounts_ledger,—,—,lib/ui/screens/reports/pos_accounts_ledger_screen.dart:276,onRefresh,onRefresh,خدمة/مستودع (DB أو ملف أو Android),B,يعمل,,
BTN-0685,pos_accounts_ledger,TextField,—,lib/ui/screens/reports/pos_accounts_ledger_screen.dart:356,TextField,TextField,حالة واجهة فقط,C,يعمل,,
BTN-0686,pos_accounts_ledger,—,—,lib/ui/screens/reports/pos_accounts_ledger_screen.dart:358,onChanged,onChanged,حالة واجهة فقط,C,يعمل,,
BTN-0687,pos_accounts_ledger,—,—,lib/ui/screens/reports/pos_accounts_ledger_screen.dart:498,onTap,onTap,خدمة/مستودع (DB أو ملف أو Android),B,يعمل,,
BTN-0688,pos_accounts_ledger,IconButton,—,lib/ui/screens/reports/pos_accounts_ledger_screen.dart:546,IconButton,IconButton,حالة واجهة فقط,C,يعمل,,
BTN-0689,pos_accounts_ledger,—,—,lib/ui/screens/reports/pos_accounts_ledger_screen.dart:548,onPressed,onPressed,خدمة/مستودع (DB أو ملف أو Android),B,يعمل,,
BTN-0690,pos_accounts_ledger,—,—,lib/ui/screens/reports/pos_accounts_ledger_screen.dart:806,onPressed,onPressed,خدمة/مستودع (DB أو ملف أو Android),B,يعمل,,
BTN-0691,pos_accounts_ledger,—,—,lib/ui/screens/reports/pos_accounts_ledger_screen.dart:818,onPressed,onPressed,تنقّل/فتح واجهة,A,يعمل,,
BTN-0692,pos_accounts_ledger,TextField,—,lib/ui/screens/reports/pos_accounts_ledger_screen.dart:978,TextField,TextField,حالة واجهة فقط,C,يعمل,,
BTN-0693,pos_accounts_ledger,—,—,lib/ui/screens/reports/pos_accounts_ledger_screen.dart:1040,onSelected,onSelected,حالة واجهة فقط,C,يعمل,,
BTN-0694,pos_accounts_ledger,TextField,—,lib/ui/screens/reports/pos_accounts_ledger_screen.dart:1045,TextField,TextField,حالة واجهة فقط,C,يعمل,,
BTN-0695,pos_accounts_ledger,TextField,—,lib/ui/screens/reports/pos_accounts_ledger_screen.dart:1066,TextField,TextField,حالة واجهة فقط,C,يعمل,,
BTN-0696,pos_accounts_ledger,TextButton,—,lib/ui/screens/reports/pos_accounts_ledger_screen.dart:1136,TextButton,TextButton,حالة واجهة فقط,C,يعمل,,
BTN-0697,pos_accounts_ledger,—,—,lib/ui/screens/reports/pos_accounts_ledger_screen.dart:1137,onPressed,onPressed,تنقّل/فتح واجهة,A,يعمل,,
BTN-0698,pos_accounts_ledger,—,—,lib/ui/screens/reports/pos_accounts_ledger_screen.dart:1154,onPressed,onPressed,حالة واجهة فقط,C,يعمل,,
BTN-0699,pos_accounts_ledger,TextField,—,lib/ui/screens/reports/pos_accounts_ledger_screen.dart:1382,TextField,TextField,حالة واجهة فقط,C,يعمل,,
BTN-0700,pos_accounts_ledger,—,—,lib/ui/screens/reports/pos_accounts_ledger_screen.dart:1387,onChanged,onChanged,حالة واجهة فقط,C,يعمل,,
BTN-0701,pos_accounts_ledger,TextField,—,lib/ui/screens/reports/pos_accounts_ledger_screen.dart:1409,TextField,TextField,حالة واجهة فقط,C,يعمل,,
BTN-0702,pos_accounts_ledger,—,—,lib/ui/screens/reports/pos_accounts_ledger_screen.dart:1411,onChanged,onChanged,حالة واجهة فقط,C,يعمل,,
BTN-0703,pos_accounts_ledger,TextField,—,lib/ui/screens/reports/pos_accounts_ledger_screen.dart:1432,TextField,TextField,حالة واجهة فقط,C,يعمل,,
BTN-0704,pos_accounts_ledger,—,—,lib/ui/screens/reports/pos_accounts_ledger_screen.dart:1471,onChanged,onChanged,حالة واجهة فقط,C,يعمل,,
BTN-0705,pos_accounts_ledger,—,—,lib/ui/screens/reports/pos_accounts_ledger_screen.dart:1487,onChanged,onChanged,حالة واجهة فقط,C,يعمل,,
BTN-0706,pos_accounts_ledger,—,—,lib/ui/screens/reports/pos_accounts_ledger_screen.dart:1531,onPressed,onPressed,حالة واجهة فقط,C,يعمل,,
BTN-0707,pos_report,TextField,—,lib/ui/screens/reports/pos_report_screen.dart:142,TextField,TextField,حالة واجهة فقط,C,يعمل,,
BTN-0708,pos_report,TextButton,—,lib/ui/screens/reports/pos_report_screen.dart:150,TextButton,TextButton,حالة واجهة فقط,C,يعمل,,
BTN-0709,pos_report,—,—,lib/ui/screens/reports/pos_report_screen.dart:151,onPressed,onPressed,تنقّل/فتح واجهة,A,يعمل,,
BTN-0710,pos_report,FilledButton,—,lib/ui/screens/reports/pos_report_screen.dart:154,FilledButton,FilledButton,حالة واجهة فقط,C,يعمل,,
BTN-0711,pos_report,—,—,lib/ui/screens/reports/pos_report_screen.dart:155,onPressed,onPressed,تنقّل/فتح واجهة,A,يعمل,,
BTN-0712,pos_report,IconButton,—,lib/ui/screens/reports/pos_report_screen.dart:234,IconButton,IconButton,حالة واجهة فقط,C,يعمل,,
BTN-0713,pos_report,—,—,lib/ui/screens/reports/pos_report_screen.dart:236,onPressed,onPressed,حالة واجهة فقط,C,يعمل,,
BTN-0714,pos_report,—,—,lib/ui/screens/reports/pos_report_screen.dart:251,onRefresh,onRefresh,خدمة/مستودع (DB أو ملف أو Android),B,يعمل,,
BTN-0715,pos_report,SwitchListTile,—,lib/ui/screens/reports/pos_report_screen.dart:255,SwitchListTile,SwitchListTile,حالة واجهة فقط,C,يعمل,,
BTN-0716,pos_report,—,—,lib/ui/screens/reports/pos_report_screen.dart:266,onChanged,onChanged,خدمة/مستودع (DB أو ملف أو Android),B,يعمل,,
BTN-0717,pos_report,TextButton,—,lib/ui/screens/reports/pos_report_screen.dart:318,TextButton,TextButton,حالة واجهة فقط,C,يعمل,,
BTN-0718,pos_report,—,—,lib/ui/screens/reports/pos_report_screen.dart:319,onPressed,onPressed,خدمة/مستودع (DB أو ملف أو Android),B,يعمل,,
BTN-0719,sales_period_report,—,—,lib/ui/screens/reports/sales_period_report_screen.dart:235,onSelected,onSelected,خدمة/مستودع (DB أو ملف أو Android),B,يعمل,,
BTN-0720,sales_period_report,IconButton,—,lib/ui/screens/reports/sales_period_report_screen.dart:269,IconButton,IconButton,حالة واجهة فقط,C,يعمل,,
BTN-0721,sales_period_report,—,—,lib/ui/screens/reports/sales_period_report_screen.dart:271,onPressed,onPressed,حالة واجهة فقط,C,يعمل,,
BTN-0722,sales_period_report,—,—,lib/ui/screens/reports/sales_period_report_screen.dart:293,onTap,onTap,حالة واجهة فقط,C,يعمل,,
BTN-0723,sales_period_report,—,—,lib/ui/screens/reports/sales_period_report_screen.dart:302,onTap,onTap,حالة واجهة فقط,C,يعمل,,
BTN-0724,sales_period_report,—,—,lib/ui/screens/reports/sales_period_report_screen.dart:311,onTap,onTap,خدمة/مستودع (DB أو ملف أو Android),B,يعمل,,
BTN-0725,sales_period_report,—,—,lib/ui/screens/reports/sales_period_report_screen.dart:403,onTap,onTap,حالة واجهة فقط,C,يعمل,,
BTN-0726,sales_period_report,—,—,lib/ui/screens/reports/sales_period_report_screen.dart:446,onRefresh,onRefresh,خدمة/مستودع (DB أو ملف أو Android),B,يعمل,,
BTN-0727,sales_period_report,TextField,—,lib/ui/screens/reports/sales_period_report_screen.dart:575,TextField,TextField,حالة واجهة فقط,C,يعمل,,
BTN-0728,sales_period_report,—,—,lib/ui/screens/reports/sales_period_report_screen.dart:577,onChanged,onChanged,حالة واجهة فقط,C,يعمل,,
BTN-0729,async_views,FilledButton,—,lib/ui/widgets/async_views.dart:227,FilledButton,onPressed,خدمة/مستودع (DB أو ملف أو Android),B,يعمل,,
BTN-0730,async_views,—,—,lib/ui/widgets/async_views.dart:293,onPressed,onPressed,خدمة/مستودع (DB أو ملف أو Android),B,يعمل,,
BTN-0731,async_views,InkWell,—,lib/ui/widgets/async_views.dart:329,InkWell,InkWell,حالة واجهة فقط,C,يعمل,,
BTN-0732,async_views,—,—,lib/ui/widgets/async_views.dart:330,onTap,onTap,خدمة/مستودع (DB أو ملف أو Android),B,يعمل,,
BTN-0733,customer_promotion_progress,InkWell,—,lib/ui/widgets/customer_promotion_progress.dart:39,InkWell,InkWell,حالة واجهة فقط,C,يعمل,,
BTN-0734,customer_promotion_progress,—,—,lib/ui/widgets/customer_promotion_progress.dart:40,onTap,onTap,خدمة/مستودع (DB أو ملف أو Android),B,يعمل,,
BTN-0735,customer_statement_export,—,—,lib/ui/widgets/customer_statement_export.dart:203,onPressed,onPressed,حالة واجهة فقط,C,مُصلَح,5.3: حفظ النص/الصورة في مجلدات ظاهرة,test/widget/customer_statement_export_visible_test.dart
BTN-0736,customer_statement_export,—,—,lib/ui/widgets/customer_statement_export.dart:208,onPressed,onPressed,حالة واجهة فقط,C,مُصلَح,5.3: حفظ النص/الصورة في مجلدات ظاهرة,test/widget/customer_statement_export_visible_test.dart
BTN-0737,customer_statement_export,—,—,lib/ui/widgets/customer_statement_export.dart:213,onPressed,onPressed,حالة واجهة فقط,C,مُصلَح,5.3: حفظ النص/الصورة في مجلدات ظاهرة,test/widget/customer_statement_export_visible_test.dart
BTN-0738,kayan_bottom_nav,—,—,lib/ui/widgets/kayan_bottom_nav.dart:75,onTap,onTap,خدمة/مستودع (DB أو ملف أو Android),B,يعمل,,
BTN-0739,kayan_bottom_nav,—,—,lib/ui/widgets/kayan_bottom_nav.dart:89,onTap,onTap,خدمة/مستودع (DB أو ملف أو Android),B,يعمل,,
BTN-0740,kayan_bottom_nav,—,—,lib/ui/widgets/kayan_bottom_nav.dart:100,onTap,onTap,حالة واجهة فقط,C,يعمل,,
BTN-0741,kayan_bottom_nav,InkWell,—,lib/ui/widgets/kayan_bottom_nav.dart:137,InkWell,InkWell,حالة واجهة فقط,C,يعمل,,
BTN-0742,kayan_bottom_nav,—,—,lib/ui/widgets/kayan_bottom_nav.dart:138,onTap,onTap,خدمة/مستودع (DB أو ملف أو Android),B,يعمل,,
BTN-0743,kayan_bottom_nav,InkWell,—,lib/ui/widgets/kayan_bottom_nav.dart:192,InkWell,InkWell,حالة واجهة فقط,C,يعمل,,
BTN-0744,kayan_bottom_nav,—,—,lib/ui/widgets/kayan_bottom_nav.dart:193,onTap,onTap,خدمة/مستودع (DB أو ملف أو Android),B,يعمل,,
BTN-0745,permissions_onboarding,IconButton,—,lib/ui/widgets/permissions_onboarding.dart:390,IconButton,IconButton,حالة واجهة فقط,C,يعمل,,
BTN-0746,permissions_onboarding,—,—,lib/ui/widgets/permissions_onboarding.dart:392,onPressed,onPressed,تنقّل/فتح واجهة,A,يعمل,,
BTN-0747,permissions_onboarding,—,—,lib/ui/widgets/permissions_onboarding.dart:468,onPressed,onPressed,خدمة/مستودع (DB أو ملف أو Android),B,يعمل,,
BTN-0748,permissions_onboarding,—,—,lib/ui/widgets/permissions_onboarding.dart:528,onPressed,onPressed,حالة واجهة فقط,C,يعمل,,
BTN-0749,permissions_onboarding,OutlinedButton,—,lib/ui/widgets/permissions_onboarding.dart:550,OutlinedButton,OutlinedButton,حالة واجهة فقط,C,يعمل,,
BTN-0750,permissions_onboarding,—,—,lib/ui/widgets/permissions_onboarding.dart:551,onPressed,onPressed,حالة واجهة فقط,C,يعمل,,
BTN-0751,permissions_onboarding,—,—,lib/ui/widgets/permissions_onboarding.dart:564,onPressed,onPressed,حالة واجهة فقط,C,يعمل,,
BTN-0752,reserved_card_ops,ListTile,—,lib/ui/widgets/reserved_card_ops.dart:23,ListTile,ListTile,حالة واجهة فقط,C,يعمل,,
BTN-0753,reserved_card_ops,ListTile,—,lib/ui/widgets/reserved_card_ops.dart:30,ListTile,ListTile,حالة واجهة فقط,C,يعمل,,
BTN-0754,reserved_card_ops,—,—,lib/ui/widgets/reserved_card_ops.dart:40,onTap,onTap,تنقّل/فتح واجهة,A,يعمل,,
BTN-0755,reserved_card_ops,ListTile,—,lib/ui/widgets/reserved_card_ops.dart:45,ListTile,ListTile,حالة واجهة فقط,C,يعمل,,
BTN-0756,reserved_card_ops,—,—,lib/ui/widgets/reserved_card_ops.dart:52,onTap,onTap,تنقّل/فتح واجهة,A,يعمل,,
BTN-0757,reserved_card_ops,TextField,—,lib/ui/widgets/reserved_card_ops.dart:109,TextField,TextField,حالة واجهة فقط,C,يعمل,,
BTN-0758,reserved_card_ops,TextButton,—,lib/ui/widgets/reserved_card_ops.dart:121,TextButton,TextButton,حالة واجهة فقط,C,يعمل,,
BTN-0759,reserved_card_ops,—,—,lib/ui/widgets/reserved_card_ops.dart:122,onPressed,onPressed,تنقّل/فتح واجهة,A,يعمل,,
BTN-0760,reserved_card_ops,FilledButton,—,lib/ui/widgets/reserved_card_ops.dart:125,FilledButton,FilledButton,حالة واجهة فقط,C,يعمل,,
BTN-0761,reserved_card_ops,—,—,lib/ui/widgets/reserved_card_ops.dart:126,onPressed,onPressed,تنقّل/فتح واجهة,A,يعمل,,
BTN-0762,net_alert_banner,InkWell,—,lib/ui/widgets/net/net_alert_banner.dart:55,InkWell,InkWell,حالة واجهة فقط,C,يعمل,,
BTN-0763,net_alert_banner,—,—,lib/ui/widgets/net/net_alert_banner.dart:56,onTap,onTap,خدمة/مستودع (DB أو ملف أو Android),B,يعمل,,
BTN-0764,net_alert_banner,InkWell,—,lib/ui/widgets/net/net_alert_banner.dart:84,InkWell,InkWell,حالة واجهة فقط,C,يعمل,,
BTN-0765,net_alert_banner,—,—,lib/ui/widgets/net/net_alert_banner.dart:85,onTap,onTap,خدمة/مستودع (DB أو ملف أو Android),B,يعمل,,
BTN-0766,net_balance_card,—,—,lib/ui/widgets/net/net_balance_card.dart:212,onTap,onTap,خدمة/مستودع (DB أو ملف أو Android),B,يعمل,,
BTN-0767,net_balance_card,—,—,lib/ui/widgets/net/net_balance_card.dart:221,onTap,onTap,خدمة/مستودع (DB أو ملف أو Android),B,يعمل,,
BTN-0768,net_balance_card,InkWell,—,lib/ui/widgets/net/net_balance_card.dart:260,InkWell,InkWell,حالة واجهة فقط,C,يعمل,,
BTN-0769,net_balance_card,—,—,lib/ui/widgets/net/net_balance_card.dart:261,onTap,onTap,خدمة/مستودع (DB أو ملف أو Android),B,يعمل,,
BTN-0770,net_dashboard_header,NetHeaderAction,—,lib/ui/widgets/net/net_dashboard_header.dart:160,NetHeaderAction,NetHeaderAction,حالة واجهة فقط,C,يعمل,,
BTN-0771,net_dashboard_header,—,—,lib/ui/widgets/net/net_dashboard_header.dart:164,onPressed,onPressed,خدمة/مستودع (DB أو ملف أو Android),B,يعمل,,
BTN-0772,net_dashboard_header,NetHeaderAction,—,lib/ui/widgets/net/net_dashboard_header.dart:167,NetHeaderAction,NetHeaderAction,حالة واجهة فقط,C,يعمل,,
BTN-0773,net_dashboard_header,—,—,lib/ui/widgets/net/net_dashboard_header.dart:170,onPressed,onPressed,خدمة/مستودع (DB أو ملف أو Android),B,يعمل,,
BTN-0774,net_dashboard_header,NetHeaderAction,—,lib/ui/widgets/net/net_dashboard_header.dart:173,NetHeaderAction,NetHeaderAction,حالة واجهة فقط,C,يعمل,,
BTN-0775,net_dashboard_header,—,—,lib/ui/widgets/net/net_dashboard_header.dart:176,onPressed,onPressed,خدمة/مستودع (DB أو ملف أو Android),B,يعمل,,
BTN-0776,net_dashboard_header,NetHeaderAction,—,lib/ui/widgets/net/net_dashboard_header.dart:179,NetHeaderAction,NetHeaderAction,حالة واجهة فقط,C,يعمل,,
BTN-0777,net_dashboard_header,—,—,lib/ui/widgets/net/net_dashboard_header.dart:182,onPressed,onPressed,خدمة/مستودع (DB أو ملف أو Android),B,يعمل,,
BTN-0778,net_metric_card,—,—,lib/ui/widgets/net/net_metric_card.dart:50,onTap,onTap,خدمة/مستودع (DB أو ملف أو Android),B,يعمل,,
BTN-0779,net_quick_action_card,InkWell,—,lib/ui/widgets/net/net_quick_action_card.dart:32,InkWell,InkWell,حالة واجهة فقط,C,يعمل,,
BTN-0780,net_quick_action_card,—,—,lib/ui/widgets/net/net_quick_action_card.dart:33,onTap,onTap,خدمة/مستودع (DB أو ملف أو Android),B,يعمل,,
BTN-0781,net_recent_transaction_card,InkWell,—,lib/ui/widgets/net/net_recent_transaction_card.dart:49,InkWell,InkWell,حالة واجهة فقط,C,يعمل,,
BTN-0782,net_recent_transaction_card,—,—,lib/ui/widgets/net/net_recent_transaction_card.dart:50,onTap,onTap,خدمة/مستودع (DB أو ملف أو Android),B,يعمل,,
BTN-0783,net_section_header,TextButton,—,lib/ui/widgets/net/net_section_header.dart:64,TextButton,TextButton,حالة واجهة فقط,C,يعمل,,
BTN-0784,net_section_header,—,—,lib/ui/widgets/net/net_section_header.dart:65,onPressed,onPressed,خدمة/مستودع (DB أو ملف أو Android),B,يعمل,,
BTN-0785,net_service_tile,InkWell,—,lib/ui/widgets/net/net_service_tile.dart:42,InkWell,InkWell,حالة واجهة فقط,C,يعمل,,
BTN-0786,net_service_tile,—,—,lib/ui/widgets/net/net_service_tile.dart:43,onTap,onTap,خدمة/مستودع (DB أو ملف أو Android),B,يعمل,,
BTN-0787,net_service_tile,InkWell,—,lib/ui/widgets/net/net_service_tile.dart:184,InkWell,InkWell,حالة واجهة فقط,C,يعمل,,
BTN-0788,net_service_tile,—,—,lib/ui/widgets/net/net_service_tile.dart:185,onTap,onTap,خدمة/مستودع (DB أو ملف أو Android),B,يعمل,,
BTN-0789,net,IconButton,—,lib/ui/widgets/net/net_sheet.dart:158,IconButton,IconButton,حالة واجهة فقط,C,يعمل,,
BTN-0790,net,—,—,lib/ui/widgets/net/net_sheet.dart:160,onPressed,onPressed,تنقّل/فتح واجهة,A,يعمل,,
BTN-0791,net_surface_card,InkWell,—,lib/ui/widgets/net/net_surface_card.dart:65,InkWell,InkWell,حالة واجهة فقط,C,يعمل,,
BTN-0792,net_surface_card,—,—,lib/ui/widgets/net/net_surface_card.dart:66,onTap,onTap,خدمة/مستودع (DB أو ملف أو Android),B,يعمل,,
BTN-0793,net_surface_card,—,—,lib/ui/widgets/net/net_surface_card.dart:67,onLongPress,onLongPress,خدمة/مستودع (DB أو ملف أو Android),B,يعمل,,
BTN-0794,net_tab_header,NetHeaderAction,—,lib/ui/widgets/net/net_tab_header.dart:104,NetHeaderAction,NetHeaderAction,حالة واجهة فقط,C,يعمل,,
BTN-0795,net_tab_header,InkWell,—,lib/ui/widgets/net/net_tab_header.dart:131,InkWell,InkWell,حالة واجهة فقط,C,يعمل,,
BTN-0796,net_tab_header,—,—,lib/ui/widgets/net/net_tab_header.dart:132,onTap,onTap,خدمة/مستودع (DB أو ملف أو Android),B,يعمل,,
BTN-0797,net_transaction_detail,—,—,lib/ui/widgets/net/net_transaction_detail_sheet.dart:216,onPressed,onPressed,خدمة/مستودع (DB أو ملف أو Android),B,يحتاج جهاز,WP-8: مشاركة صورة الإشعار عبر ورقة النظام,test/widget/transaction_receipt_image_test.dart
BTN-0798,net_transaction_detail,—,—,lib/ui/widgets/net/net_transaction_detail_sheet.dart:227,onPressed,onPressed,خدمة/مستودع (DB أو ملف أو Android),B,يحتاج جهاز,WP-8: حفظ صورة الإشعار في Pictures/Krotak Pro,test/widget/transaction_receipt_image_test.dart
BTN-0799,transaction_receipt_card,IconButton,—,lib/ui/widgets/net/transaction_receipt_card.dart:141,IconButton,IconButton,حالة واجهة فقط,C,يعمل,,
BTN-0800,transaction_receipt_card,—,—,lib/ui/widgets/net/transaction_receipt_card.dart:143,onPressed,onPressed,خدمة/مستودع (DB أو ملف أو Android),B,يعمل,,
BTN-0801,account_profile_card,—,—,lib/ui/widgets/settings/account_profile_card.dart:543,onTap,onTap,تنقّل/فتح واجهة,A,يعمل,,
BTN-0802,account_profile_card,—,—,lib/ui/widgets/settings/account_profile_card.dart:557,onTap,onTap,خدمة/مستودع (DB أو ملف أو Android),B,يعمل,,
BTN-0803,account_profile_card,—,—,lib/ui/widgets/settings/account_profile_card.dart:567,onTap,onTap,خدمة/مستودع (DB أو ملف أو Android),B,يعمل,,
BTN-0804,account_profile_card,InkWell,—,lib/ui/widgets/settings/account_profile_card.dart:575,InkWell,InkWell,حالة واجهة فقط,C,يعمل,,
BTN-0805,account_profile_card,—,—,lib/ui/widgets/settings/account_profile_card.dart:577,onTap,onTap,خدمة/مستودع (DB أو ملف أو Android),B,يعمل,,
BTN-0806,account_profile_card,InkWell,—,lib/ui/widgets/settings/account_profile_card.dart:643,InkWell,InkWell,حالة واجهة فقط,C,يعمل,,
BTN-0807,account_profile_card,—,—,lib/ui/widgets/settings/account_profile_card.dart:645,onTap,onTap,خدمة/مستودع (DB أو ملف أو Android),B,يعمل,,
BTN-0808,network_name_edit,TextField,—,lib/ui/widgets/settings/network_name_edit_sheet.dart:90,TextField,TextField,حالة واجهة فقط,C,يعمل,,
BTN-0809,network_name_edit,—,—,lib/ui/widgets/settings/network_name_edit_sheet.dart:95,onSubmitted,onSubmitted,خدمة/مستودع (DB أو ملف أو Android),B,يعمل,,
BTN-0810,network_name_edit,OutlinedButton,—,lib/ui/widgets/settings/network_name_edit_sheet.dart:142,OutlinedButton,OutlinedButton,حالة واجهة فقط,C,يعمل,,
BTN-0811,network_name_edit,—,—,lib/ui/widgets/settings/network_name_edit_sheet.dart:143,onPressed,onPressed,تنقّل/فتح واجهة,A,يعمل,,
BTN-0812,network_name_edit,FilledButton,—,lib/ui/widgets/settings/network_name_edit_sheet.dart:150,FilledButton,FilledButton,حالة واجهة فقط,C,يعمل,,
BTN-0813,network_name_edit,—,—,lib/ui/widgets/settings/network_name_edit_sheet.dart:151,onPressed,onPressed,حالة واجهة فقط,C,يعمل,,
BTN-0814,settings_cards,SettingsGroupNavRow,—,lib/ui/widgets/settings/settings_cards.dart:97,SettingsGroupNavRow,SettingsGroupNavRow,حالة واجهة فقط,C,يعمل,,
BTN-0815,settings_cards,InkWell,—,lib/ui/widgets/settings/settings_cards.dart:122,InkWell,InkWell,حالة واجهة فقط,C,يعمل,,
BTN-0816,settings_cards,—,—,lib/ui/widgets/settings/settings_cards.dart:123,onTap,onTap,خدمة/مستودع (DB أو ملف أو Android),B,يعمل,,
BTN-0817,settings_cards,InkWell,—,lib/ui/widgets/settings/settings_cards.dart:201,InkWell,InkWell,حالة واجهة فقط,C,يعمل,,
BTN-0818,settings_cards,—,—,lib/ui/widgets/settings/settings_cards.dart:202,onTap,onTap,حالة واجهة فقط,C,يعمل,,
BTN-0819,settings_cards,—,—,lib/ui/widgets/settings/settings_cards.dart:240,onChanged,onChanged,حالة واجهة فقط,C,يعمل,,
BTN-0820,settings_cards,InkWell,—,lib/ui/widgets/settings/settings_cards.dart:273,InkWell,InkWell,حالة واجهة فقط,C,يعمل,,
BTN-0821,settings_cards,—,—,lib/ui/widgets/settings/settings_cards.dart:274,onTap,onTap,خدمة/مستودع (DB أو ملف أو Android),B,يعمل,,
BTN-0822,settings_cards,—,—,lib/ui/widgets/settings/settings_cards.dart:306,onTap,onTap,خدمة/مستودع (DB أو ملف أو Android),B,يعمل,,
BTN-0823,pos_customer_link_dialog,TextButton,—,lib/ui/widgets/pos/pos_customer_link_dialog.dart:98,TextButton,TextButton,حالة واجهة فقط,C,يعمل,,
BTN-0824,pos_customer_link_dialog,—,—,lib/ui/widgets/pos/pos_customer_link_dialog.dart:99,onPressed,onPressed,تنقّل/فتح واجهة,A,يعمل,,
BTN-0825,pos_customer_link_dialog,FilledButton,—,lib/ui/widgets/pos/pos_customer_link_dialog.dart:105,FilledButton,FilledButton,حالة واجهة فقط,C,يعمل,,
BTN-0826,pos_customer_link_dialog,—,—,lib/ui/widgets/pos/pos_customer_link_dialog.dart:106,onPressed,onPressed,تنقّل/فتح واجهة,A,يعمل,,
BTN-0827,card_stock,IconButton,—,lib/ui/widgets/dashboard/card_stock_sheet.dart:199,IconButton,IconButton,حالة واجهة فقط,C,يعمل,,
BTN-0828,card_stock,—,—,lib/ui/widgets/dashboard/card_stock_sheet.dart:201,onPressed,onPressed,تنقّل/فتح واجهة,A,يعمل,,
BTN-0829,card_stock,—,—,lib/ui/widgets/dashboard/card_stock_sheet.dart:341,onPressed,onPressed,تنقّل/فتح واجهة,A,يعمل,,
BTN-0830,card_stock,InkWell,—,lib/ui/widgets/dashboard/card_stock_sheet.dart:397,InkWell,InkWell,حالة واجهة فقط,C,يعمل,,
BTN-0831,card_stock,—,—,lib/ui/widgets/dashboard/card_stock_sheet.dart:399,onTap,onTap,خدمة/مستودع (DB أو ملف أو Android),B,يعمل,,
BTN-0832,customer_create,TextButton,—,lib/ui/widgets/dashboard/customer_create_sheet.dart:300,TextButton,TextButton,حالة واجهة فقط,C,يعمل,,
BTN-0833,customer_create,—,—,lib/ui/widgets/dashboard/customer_create_sheet.dart:301,onPressed,onPressed,تنقّل/فتح واجهة,A,يعمل,,
BTN-0834,customer_create,—,—,lib/ui/widgets/dashboard/customer_create_sheet.dart:318,onPressed,onPressed,حالة واجهة فقط,C,يعمل,,
BTN-0835,customer_create,TextField,—,lib/ui/widgets/dashboard/customer_create_sheet.dart:364,TextField,TextField,حالة واجهة فقط,C,يعمل,,
BTN-0836,customer_create,—,—,lib/ui/widgets/dashboard/customer_create_sheet.dart:372,onChanged,onChanged,حالة واجهة فقط,C,يعمل,,
BTN-0837,customer_create,InkWell,—,lib/ui/widgets/dashboard/customer_create_sheet.dart:394,InkWell,InkWell,حالة واجهة فقط,C,يعمل,,
BTN-0838,customer_create,—,—,lib/ui/widgets/dashboard/customer_create_sheet.dart:396,onTap,onTap,خدمة/مستودع (DB أو ملف أو Android),B,يعمل,,
BTN-0839,direct_sale,IconButton,—,lib/ui/widgets/dashboard/direct_sale_sheet.dart:301,IconButton,IconButton,حالة واجهة فقط,C,يعمل,,
BTN-0840,direct_sale,—,—,lib/ui/widgets/dashboard/direct_sale_sheet.dart:303,onPressed,onPressed,تنقّل/فتح واجهة,A,يعمل,,
BTN-0841,direct_sale,TextField,—,lib/ui/widgets/dashboard/direct_sale_sheet.dart:342,TextField,TextField,حالة واجهة فقط,C,يعمل,,
BTN-0842,direct_sale,InkWell,—,lib/ui/widgets/dashboard/direct_sale_sheet.dart:370,InkWell,InkWell,حالة واجهة فقط,C,يعمل,,
BTN-0843,direct_sale,—,—,lib/ui/widgets/dashboard/direct_sale_sheet.dart:372,onTap,onTap,حالة واجهة فقط,C,يعمل,,
BTN-0844,direct_sale,InkWell,—,lib/ui/widgets/dashboard/direct_sale_sheet.dart:426,InkWell,InkWell,حالة واجهة فقط,C,يعمل,,
BTN-0845,direct_sale,—,—,lib/ui/widgets/dashboard/direct_sale_sheet.dart:427,onTap,onTap,خدمة/مستودع (DB أو ملف أو Android),B,يعمل,,
BTN-0846,direct_sale,TextField,—,lib/ui/widgets/dashboard/direct_sale_sheet.dart:568,TextField,TextField,حالة واجهة فقط,C,يعمل,,
BTN-0847,direct_sale,TextField,—,lib/ui/widgets/dashboard/direct_sale_sheet.dart:623,TextField,TextField,حالة واجهة فقط,C,يعمل,,
BTN-0848,direct_sale,TextButton,—,lib/ui/widgets/dashboard/direct_sale_sheet.dart:693,TextButton,TextButton,حالة واجهة فقط,C,يعمل,,
BTN-0849,direct_sale,—,—,lib/ui/widgets/dashboard/direct_sale_sheet.dart:694,onPressed,onPressed,خدمة/مستودع (DB أو ملف أو Android),B,يعمل,,
BTN-0850,direct_sale,—,—,lib/ui/widgets/dashboard/direct_sale_sheet.dart:713,onPressed,onPressed,حالة واجهة فقط,C,يعمل,,
BTN-0851,direct_sale,InkWell,—,lib/ui/widgets/dashboard/direct_sale_sheet.dart:754,InkWell,InkWell,حالة واجهة فقط,C,يعمل,,
BTN-0852,direct_sale,—,—,lib/ui/widgets/dashboard/direct_sale_sheet.dart:756,onTap,onTap,حالة واجهة فقط,C,يعمل,,
BTN-0853,quick_actions,—,—,lib/ui/widgets/dashboard/quick_actions_sheet.dart:64,onTap,onTap,خدمة/مستودع (DB أو ملف أو Android),B,يعمل,,
BTN-0854,quick_actions,—,—,lib/ui/widgets/dashboard/quick_actions_sheet.dart:70,onTap,onTap,خدمة/مستودع (DB أو ملف أو Android),B,يعمل,,
BTN-0855,quick_actions,—,—,lib/ui/widgets/dashboard/quick_actions_sheet.dart:77,onTap,onTap,حالة واجهة فقط,C,يعمل,,
BTN-0856,quick_actions,—,—,lib/ui/widgets/dashboard/quick_actions_sheet.dart:84,onTap,onTap,حالة واجهة فقط,C,يعمل,,
BTN-0857,quick_actions,—,—,lib/ui/widgets/dashboard/quick_actions_sheet.dart:91,onTap,onTap,حالة واجهة فقط,C,يعمل,,
BTN-0858,quick_actions,—,—,lib/ui/widgets/dashboard/quick_actions_sheet.dart:98,onTap,onTap,حالة واجهة فقط,C,يعمل,,
BTN-0859,quick_actions,—,—,lib/ui/widgets/dashboard/quick_actions_sheet.dart:150,onTap,onTap,تنقّل/فتح واجهة,A,يعمل,,
BTN-0860,quick_actions,—,—,lib/ui/widgets/dashboard/quick_actions_sheet.dart:161,onTap,onTap,تنقّل/فتح واجهة,A,يعمل,,
BTN-0861,quick_actions,InkWell,—,lib/ui/widgets/dashboard/quick_actions_sheet.dart:205,InkWell,InkWell,حالة واجهة فقط,C,يعمل,,
BTN-0862,quick_actions,—,—,lib/ui/widgets/dashboard/quick_actions_sheet.dart:206,onTap,onTap,خدمة/مستودع (DB أو ملف أو Android),B,يعمل,,
BTN-0863,sales_period,—,—,lib/ui/widgets/dashboard/sales_period_sheet.dart:294,onPressed,onPressed,تنقّل/فتح واجهة,A,يعمل,,
BTN-0864,theme_mode,InkWell,—,lib/ui/widgets/dashboard/theme_mode_sheet.dart:81,InkWell,InkWell,حالة واجهة فقط,C,يعمل,,
BTN-0865,theme_mode,—,—,lib/ui/widgets/dashboard/theme_mode_sheet.dart:83,onTap,onTap,تنقّل/فتح واجهة,A,يعمل,,
